Temperature 1 (K),Temperature 2 (K),Temperature 3 (K),Uncertainty (K),Time (s)
358.4,358.65,359.4,2.25,0
357.4,358.9,359.4,2.25,1
357.9,358.9,359.15,2.25,2
358.15,358.4,358.9,2.25,3
357.65,358.15,358.4,2.25,4
357.9,358.4,358.15,2.25,5
357.65,358.15,358.15,2.25,6
357.15,358.15,358.15,2.25,7
356.9,358.15,357.4,2.25,8
356.9,357.9,357.4,2.25,9
356.65,357.65,357.65,2.25,10
356.65,357.4,357.4,2.25,11
356.9,357.65,356.9,2.25,12
356.4,357.15,356.9,2.25,13
356.9,357.15,357.4,2.25,14
356.9,357.15,356.65,2.25,15
356.4,356.15,356.9,2.25,16
356.4,356.9,356.65,2.25,17
356.4,356.9,356.4,2.25,18
356.15,355.9,357.15,2.25,19
356.4,356.15,356.4,2.25,20
356.4,355.9,356.4,2.25,21
356.15,356.15,355.9,2.25,22
356.15,355.65,356.15,2.25,23
355.65,355.4,356.4,2.25,24
355.4,355.65,356.15,2.25,25
355.65,355.15,355.9,2.25,26
355.65,354.65,356.15,2.25,27
355.15,354.9,355.9,2.25,28
355.4,354.65,355.9,2.25,29
355.4,354.65,355.15,2.25,30
354.4,354.4,355.15,2.25,31
354.9,354.65,355.15,2.25,32
354.65,354.15,355.15,2.25,33
353.9,353.9,355.15,2.25,34
354.65,353.9,354.9,2.25,35
354.65,354.15,355.4,2.25,36
353.65,353.9,354.65,2.25,37
354.65,353.65,354.65,2.25,38
354.4,354.15,354.9,2.25,39
354.15,353.65,355.15,2.25,40
354.15,353.4,354.9,2.25,41
354.15,353.4,354.4,2.25,42
353.9,353.65,354.15,2.25,43
353.65,353.65,354.4,2.25,44
353.9,352.9,354.65,2.25,45
353.65,353.15,354.65,2.25,46
353.4,352.9,354.4,2.25,47
353.4,352.65,354.4,2.25,48
353.4,352.65,353.9,2.25,49
353.4,352.4,353.9,2.25,50
353.15,352.4,353.9,2.25,51
352.9,352.4,353.9,2.25,52
352.9,351.9,353.4,2.25,53
352.65,352.4,353.4,2.25,54
352.65,352.15,353.15,2.25,55
351.9,351.65,353.4,2.25,56
351.9,352.15,353.4,2.25,57
352.4,351.65,353.4,2.25,58
352.15,351.9,352.9,2.25,59
352.4,350.9,352.9,2.25,60
352.15,351.4,353.15,2.25,61
352.15,351.15,352.9,2.25,62
351.9,351.15,352.65,2.25,63
351.4,351.15,352.15,2.25,64
351.65,350.4,352.65,2.25,65
351.4,350.9,352.65,2.25,66
351.4,350.9,351.9,2.25,67
351.4,350.65,352.15,2.25,68
351.4,350.4,352.4,2.25,69
351.4,351.15,351.9,2.25,70
350.9,350.65,351.9,2.25,71
351.15,350.65,351.65,2.25,72
351.15,350.15,351.65,2.25,73
350.65,350.4,351.65,2.25,74
350.65,350.4,351.65,2.25,75
350.65,350.4,351.4,2.25,76
350.65,350.4,351.15,2.25,77
350.65,349.65,350.9,2.25,78
350.15,349.65,350.9,2.25,79
350.4,349.65,350.9,2.25,80
349.9,349.9,351.15,2.25,81
350.4,349.15,350.9,2.25,82
349.4,349.65,350.9,2.25,83
349.65,348.9,350.9,2.25,84
349.9,349.65,350.65,2.25,85
349.65,349.15,350.65,2.25,86
349.9,349.65,350.15,2.25,87
349.4,349.15,350.4,2.25,88
349.15,349.4,349.9,2.25,89
349.4,349.4,350.4,2.25,90
349.65,349.15,350.15,2.25,91
349.65,349.15,350.15,2.25,92
349.15,348.9,349.9,2.25,93
348.9,349.15,350.15,2.25,94
349.4,348.9,349.65,2.25,95
349.4,348.65,349.9,2.25,96
349.15,348.9,349.65,2.25,97
349.15,348.9,349.65,2.25,98
348.9,348.9,349.15,2.25,99
349.15,348.65,349.4,2.25,100
348.4,348.65,349.65,2.25,101
348.9,348.65,348.9,2.25,102
348.65,348.4,349.15,2.25,103
348.65,348.15,348.65,2.25,104
348.4,348.4,349.15,2.25,105
348.65,348.15,349.15,2.25,106
348.4,347.4,349.15,2.25,107
348.4,347.65,349.15,2.25,108
348.15,347.9,348.9,2.25,109
348.15,347.65,348.65,2.25,110
347.9,347.9,348.15,2.25,111
348.15,347.9,348.15,2.25,112
347.9,347.9,347.9,2.25,113
347.4,347.4,348.4,2.25,114
347.4,347.4,348.65,2.25,115
347.4,346.9,347.9,2.25,116
347.65,347.15,348.15,2.25,117
346.9,347.65,347.9,2.25,118
346.9,347.4,348.15,2.25,119
347.4,347.15,347.9,2.25,120
347.4,346.9,347.9,2.25,121
346.9,346.65,347.9,2.25,122
347.15,346.65,347.4,2.25,123
346.4,346.9,347.15,2.25,124
346.65,346.65,347.4,2.25,125
346.65,345.9,347.15,2.25,126
346.65,346.65,346.65,2.25,127
346.4,345.65,346.9,2.25,128
346.15,346.15,346.65,2.25,129
346.65,346.65,347.15,2.25,130
346.4,345.9,346.9,2.25,131
346.4,345.65,347.15,2.25,132
345.9,346.15,346.65,2.25,133
346.4,345.9,346.65,2.25,134
346.4,345.65,346.4,2.25,135
346.15,345.65,346.4,2.25,136
345.65,346.15,346.65,2.25,137
346.15,345.15,346.65,2.25,138
346.15,345.4,346.65,2.25,139
345.65,345.4,346.15,2.25,140
345.4,345.9,346.15,2.25,141
345.65,344.9,346.4,2.25,142
345.65,345.65,345.9,2.25,143
345.65,345.15,345.65,2.25,144
345.4,345.4,345.9,2.25,145
345.15,344.65,345.9,2.25,146
344.9,344.65,345.9,2.25,147
344.9,345.15,345.4,2.25,148
345.15,344.9,345.4,2.25,149
345.15,344.65,345.15,2.25,150
345.15,344.9,345.4,2.25,151
344.4,344.65,345.9,2.25,152
344.9,344.15,345.65,2.25,153
345.15,344.65,345.4,2.25,154
345.15,344.4,344.9,2.25,155
344.4,344.4,345.15,2.25,156
344.4,344.4,345.15,2.25,157
344.4,344.15,344.9,2.25,158
344.15,343.65,344.65,2.25,159
344.15,344.15,344.9,2.25,160
344.15,343.9,345.15,2.25,161
344.15,343.9,344.65,2.25,162
344.15,343.9,344.9,2.25,163
344.4,343.4,344.4,2.25,164
344.15,343.15,344.4,2.25,165
343.65,343.65,344.9,2.25,166
344.15,343.4,344.9,2.25,167
343.65,343.9,344.65,2.25,168
343.9,343.4,344.65,2.25,169
343.65,342.9,343.9,2.25,170
343.65,343.4,344.15,2.25,171
343.4,343.4,344.4,2.25,172
342.9,343.15,343.65,2.25,173
343.4,343.4,344.15,2.25,174
342.9,342.65,343.9,2.25,175
343.65,342.9,344.15,2.25,176
343.15,342.65,344.15,2.25,177
342.65,342.9,343.65,2.25,178
343.15,342.65,343.9,2.25,179
342.65,342.4,343.9,2.25,180
342.9,342.15,343.9,2.25,181
342.9,343.15,343.4,2.25,182
342.9,342.9,343.4,2.25,183
342.4,342.65,343.15,2.25,184
342.65,342.4,343.15,2.25,185
342.65,342.4,343.15,2.25,186
342.4,342.4,342.65,2.25,187
341.9,342.4,343.4,2.25,188
342.65,342.15,342.4,2.25,189
342.15,342.15,342.9,2.25,190
342.15,341.9,342.65,2.25,191
342.15,341.15,342.65,2.25,192
342.65,341.9,342.65,2.25,193
342.15,341.65,342.65,2.25,194
342.4,341.65,342.4,2.25,195
342.15,341.65,342.4,2.25,196
341.65,341.65,342.4,2.25,197
341.65,341.15,342.4,2.25,198
341.9,341.65,342.4,2.25,199
341.9,340.9,342.65,2.25,200
341.65,340.9,341.9,2.25,201
341.4,341.4,342.4,2.25,202
341.65,340.9,341.9,2.25,203
341.4,340.9,342.4,2.25,204
341.65,340.65,342.15,2.25,205
341.65,340.65,342.15,2.25,206
341.15,340.9,342.15,2.25,207
341.65,340.9,341.9,2.25,208
340.9,341.15,341.4,2.25,209
341.4,340.9,341.9,2.25,210
341.15,340.4,341.9,2.25,211
341.15,340.65,341.9,2.25,212
340.9,340.65,341.4,2.25,213
341.15,340.4,341.15,2.25,214
341.15,340.4,340.9,2.25,215
340.15,339.9,341.4,2.25,216
341.15,340.15,340.65,2.25,217
340.65,340.4,340.65,2.25,218
340.9,339.9,340.9,2.25,219
340.9,340.4,340.65,2.25,220
340.65,339.9,340.4,2.25,221
340.9,339.9,340.4,2.25,222
340.9,340.15,340.4,2.25,223
340.65,340.15,340.65,2.25,224
339.9,339.65,340.65,2.25,225
340.65,339.9,340.65,2.25,226
339.9,339.65,340.4,2.25,227
339.4,339.65,340.65,2.25,228
339.9,339.65,339.9,2.25,229
339.4,339.65,340.15,2.25,230
340.15,339.65,340.15,2.25,231
339.9,338.9,340.15,2.25,232
339.9,338.9,340.65,2.25,233
339.65,338.65,340.4,2.25,234
339.65,339.15,340.15,2.25,235
339.15,338.15,340.15,2.25,236
339.65,338.4,339.9,2.25,237
339.65,338.65,339.9,2.25,238
339.65,339.15,339.4,2.25,239
339.15,338.9,339.9,2.25,240
339.65,339.15,339.4,2.25,241
339.65,339.15,339.4,2.25,242
339.15,339.15,339.15,2.25,243
339.15,338.65,339.15,2.25,244
339.4,339.15,339.15,2.25,245
338.9,339.4,339.15,2.25,246
339.4,338.65,339.15,2.25,247
339.15,338.4,339.4,2.25,248
339.4,338.15,339.15,2.25,249
339.15,338.4,339.15,2.25,250
339.15,338.4,338.9,2.25,251
339.15,338.65,338.9,2.25,252
339.15,338.4,338.9,2.25,253
338.65,338.9,338.65,2.25,254
338.65,338.65,338.65,2.25,255
338.65,338.15,338.4,2.25,256
338.65,338.4,338.65,2.25,257
338.65,338.65,338.4,2.25,258
338.65,338.4,338.65,2.25,259
338.65,338.15,338.15,2.25,260
338.15,338.4,338.4,2.25,261
338.4,337.65,338.4,2.25,262
338.15,338.15,338.15,2.25,263
338.4,337.9,338.65,2.25,264
337.9,337.9,338.65,2.25,265
337.4,337.4,338.65,2.25,266
338.15,337.65,338.65,2.25,267
338.4,337.9,338.4,2.25,268
337.9,337.9,338.65,2.25,269
337.9,337.65,338.4,2.25,270
337.9,337.9,338.4,2.25,271
337.9,337.4,338.4,2.25,272
337.65,336.9,338.15,2.25,273
337.9,337.15,338.15,2.25,274
337.65,337.15,338.15,2.25,275
337.65,337.4,337.9,2.25,276
337.15,337.65,337.9,2.25,277
337.4,336.9,337.65,2.25,278
337.4,336.9,337.65,2.25,279
337.4,336.9,337.9,2.25,280
336.65,336.15,337.65,2.25,281
337.4,337.4,337.4,2.25,282
337.65,336.65,337.4,2.25,283
337.4,336.65,337.65,2.25,284
337.15,336.4,337.65,2.25,285
337.4,336.65,337.4,2.25,286
337.15,336.9,337.4,2.25,287
336.9,336.4,337.4,2.25,288
337.15,336.65,337.4,2.25,289
336.65,336.65,337.15,2.25,290
336.9,336.4,337.15,2.25,291
336.4,336.9,337.15,2.25,292
336.65,336.4,337.15,2.25,293
336.65,336.4,336.65,2.25,294
336.65,336.15,336.9,2.25,295
336.9,336.15,336.4,2.25,296
336.65,336.4,336.9,2.25,297
336.4,336.4,336.9,2.25,298
336.4,335.65,336.65,2.25,299
336.4,335.9,336.65,2.25,300
336.4,336.15,336.4,2.25,301
336.15,335.9,336.65,2.25,302
336.4,336.15,336.15,2.25,303
336.15,336.4,336.4,2.25,304
336.15,336.15,336.4,2.25,305
335.9,336.15,336.9,2.25,306
335.65,336.15,336.65,2.25,307
336.15,335.9,336.4,2.25,308
336.15,335.65,336.65,2.25,309
336.15,335.4,336.4,2.25,310
335.65,335.9,335.9,2.25,311
336.15,335.4,335.65,2.25,312
336.15,335.4,335.9,2.25,313
336.15,335.65,335.65,2.25,314
335.4,335.9,335.65,2.25,315
335.65,336.15,335.4,2.25,316
335.65,335.9,335.4,2.25,317
335.65,335.15,335.15,2.25,318
335.65,335.9,335.65,2.25,319
335.65,335.4,335.65,2.25,320
335.4,335.65,335.4,2.25,321
335.65,335.15,335.65,2.25,322
335.65,335.9,335.4,2.25,323
335.4,335.4,335.4,2.25,324
335.65,335.65,335.15,2.25,325
334.9,334.9,335.15,2.25,326
334.9,334.9,335.65,2.25,327
335.15,335.15,335.4,2.25,328
335.15,335.4,335.4,2.25,329
335.15,334.65,335.4,2.25,330
335.15,334.65,335.15,2.25,331
334.4,334.9,335.4,2.25,332
334.65,334.4,335.4,2.25,333
334.9,334.65,335.15,2.25,334
334.65,334.9,335.15,2.25,335
334.9,334.9,334.65,2.25,336
334.9,334.9,334.65,2.25,337
334.9,334.65,334.9,2.25,338
334.65,334.65,334.9,2.25,339
334.9,334.65,334.9,2.25,340
334.65,334.4,334.4,2.25,341
334.9,334.65,334.15,2.25,342
334.65,334.65,334.4,2.25,343
334.4,334.4,334.15,2.25,344
334.4,334.15,334.65,2.25,345
334.15,334.4,334.4,2.25,346
334.15,334.4,334.65,2.25,347
334.4,334.15,334.4,2.25,348
334.4,334.15,333.9,2.25,349
334.15,334.15,334.15,2.25,350
334.4,334.15,334.15,2.25,351
334.15,333.65,333.4,2.25,352
333.9,334.65,333.9,2.25,353
333.9,334.15,334.4,2.25,354
334.15,333.9,333.65,2.25,355
333.9,333.4,333.65,2.25,356
334.15,334.15,333.9,2.25,357
333.9,333.9,334.4,2.25,358
333.9,333.9,333.9,2.25,359
333.9,333.9,333.4,2.25,360
334.15,333.65,333.9,2.25,361
333.9,334.15,333.9,2.25,362
333.65,333.9,333.65,2.25,363
334.15,333.65,333.65,2.25,364
333.9,333.4,333.65,2.25,365
333.65,333.9,333.4,2.25,366
333.4,333.65,333.65,2.25,367
333.65,333.4,334.15,2.25,368
333.4,333.65,333.9,2.25,369
333.4,332.65,333.65,2.25,370
333.4,332.9,333.9,2.25,371
333.4,333.4,333.65,2.25,372
333.15,332.9,333.9,2.25,373
333.15,332.9,333.9,2.25,374
333.15,333.4,334.15,2.25,375
333.15,332.9,333.4,2.25,376
332.4,332.9,333.9,2.25,377
333.15,333.15,333.65,2.25,378
332.9,332.9,333.65,2.25,379
332.9,332.4,333.65,2.25,380
333.4,332.9,333.65,2.25,381
332.9,332.65,333.65,2.25,382
332.65,332.15,333.4,2.25,383
332.9,332.65,333.65,2.25,384
332.65,332.4,333.4,2.25,385
332.4,332.4,333.15,2.25,386
332.9,332.15,333.15,2.25,387
332.9,332.15,333.4,2.25,388
332.65,332.15,332.9,2.25,389
332.4,332.65,333.15,2.25,390
332.65,332.4,333.15,2.25,391
332.65,331.65,333.4,2.25,392
332.65,332.15,333.15,2.25,393
332.9,332.4,333.15,2.25,394
332.65,331.9,332.9,2.25,395
332.4,331.65,332.65,2.25,396
332.4,332.15,332.9,2.25,397
331.9,331.9,332.9,2.25,398
332.4,331.9,332.65,2.25,399
332.15,331.9,332.9,2.25,400
331.9,331.9,332.4,2.25,401
332.4,331.65,332.15,2.25,402
332.15,331.9,332.4,2.25,403
332.15,331.15,332.9,2.25,404
332.4,331.15,332.65,2.25,405
332.15,331.65,332.4,2.25,406
331.9,331.65,332.4,2.25,407
331.9,331.65,331.9,2.25,408
331.65,331.4,331.9,2.25,409
332.15,331.4,332.4,2.25,410
331.9,331.4,332.4,2.25,411
331.65,331.4,332.15,2.25,412
331.9,331.4,332.15,2.25,413
331.9,330.65,331.9,2.25,414
331.65,331.15,332.15,2.25,415
331.4,330.9,332.15,2.25,416
331.15,330.4,331.9,2.25,417
331.65,330.65,331.9,2.25,418
331.15,330.9,331.9,2.25,419
331.65,330.4,331.9,2.25,420
331.65,330.9,331.65,2.25,421
331.4,330.65,331.9,2.25,422
331.15,330.9,332.15,2.25,423
331.15,330.65,331.4,2.25,424
331.15,330.9,331.65,2.25,425
330.9,330.65,331.65,2.25,426
331.4,330.65,331.15,2.25,427
330.65,330.65,331.65,2.25,428
330.9,330.65,331.65,2.25,429
330.9,330.65,331.4,2.25,430
330.9,330.4,331.65,2.25,431
330.65,330.15,331.65,2.25,432
330.65,330.15,331.4,2.25,433
330.65,330.4,331.4,2.25,434
330.15,329.9,331.15,2.25,435
330.9,330.15,331.15,2.25,436
330.15,330.15,331.15,2.25,437
330.65,330.4,331.15,2.25,438
330.9,330.4,331.15,2.25,439
330.4,330.4,331.15,2.25,440
330.9,330.4,330.9,2.25,441
330.9,330.65,330.65,2.25,442
330.4,329.9,330.9,2.25,443
330.4,330.4,331.15,2.25,444
330.65,330.4,330.9,2.25,445
329.9,330.15,330.65,2.25,446
330.4,330.4,330.9,2.25,447
330.4,329.65,330.9,2.25,448
330.4,330.15,330.9,2.25,449
330.4,329.65,330.65,2.25,450
330.4,330.15,330.4,2.25,451
330.4,329.9,330.9,2.25,452
330.15,329.9,330.65,2.25,453
330.4,330.15,330.65,2.25,454
329.9,330.15,330.65,2.25,455
330.4,329.9,330.65,2.25,456
330.15,329.4,330.4,2.25,457
330.15,330.15,330.4,2.25,458
330.15,330.15,330.4,2.25,459
329.65,329.9,329.9,2.25,460
330.15,329.65,330.15,2.25,461
329.65,329.65,330.65,2.25,462
330.15,329.65,330.15,2.25,463
329.9,329.4,330.4,2.25,464
329.4,329.15,330.15,2.25,465
329.9,329.4,330.15,2.25,466
329.4,329.65,330.15,2.25,467
329.4,329.4,329.9,2.25,468
329.65,329.4,330.15,2.25,469
329.9,329.15,329.9,2.25,470
329.65,329.4,329.65,2.25,471
329.4,329.4,329.9,2.25,472
329.4,328.65,329.9,2.25,473
329.15,329.4,329.9,2.25,474
329.65,329.65,329.9,2.25,475
329.65,329.65,329.65,2.25,476
329.65,329.65,330.15,2.25,477
329.4,328.9,329.4,2.25,478
329.15,329.15,329.15,2.25,479
329.4,329.15,329.65,2.25,480
329.4,329.15,329.65,2.25,481
329.4,329.4,329.15,2.25,482
329.4,328.9,329.9,2.25,483
328.65,329.15,329.4,2.25,484
329.15,329.15,329.4,2.25,485
329.4,329.15,329.65,2.25,486
328.65,328.65,329.65,2.25,487
328.4,328.65,329.65,2.25,488
329.15,328.9,329.15,2.25,489
328.9,328.65,329.4,2.25,490
328.65,328.9,329.15,2.25,491
329.15,329.15,328.65,2.25,492
328.9,328.9,328.65,2.25,493
328.15,328.9,329.15,2.25,494
328.9,328.9,329.15,2.25,495
328.9,328.65,328.9,2.25,496
328.65,328.65,328.9,2.25,497
329.15,328.4,328.65,2.25,498
328.65,328.4,328.65,2.25,499
328.65,328.4,328.65,2.25,500
328.65,328.4,329.15,2.25,501
328.9,328.15,328.9,2.25,502
328.9,328.65,329.15,2.25,503
328.15,328.15,328.65,2.25,504
328.9,328.15,328.65,2.25,505
328.4,328.15,328.65,2.25,506
328.65,328.15,328.65,2.25,507
328.65,328.4,328.4,2.25,508
328.4,328.15,328.65,2.25,509
327.9,328.15,328.65,2.25,510
328.65,328.15,328.65,2.25,511
328.65,328.15,328.65,2.25,512
328.15,327.9,328.4,2.25,513
328.15,328.15,328.15,2.25,514
328.15,327.9,328.4,2.25,515
328.4,327.9,328.4,2.25,516
328.15,328.15,328.65,2.25,517
328.15,327.9,328.15,2.25,518
328.4,327.9,327.9,2.25,519
327.9,327.4,328.15,2.25,520
328.15,327.9,328.15,2.25,521
328.15,327.9,328.4,2.25,522
327.9,327.4,328.15,2.25,523
327.9,327.9,328.15,2.25,524
327.9,327.9,328.15,2.25,525
328.15,327.4,327.9,2.25,526
328.15,327.9,328.15,2.25,527
327.9,327.4,328.4,2.25,528
327.4,326.9,328.15,2.25,529
327.9,327.4,327.9,2.25,530
327.9,327.4,327.9,2.25,531
327.4,327.65,327.9,2.25,532
327.15,327.4,327.9,2.25,533
327.4,327.4,327.65,2.25,534
327.4,327.65,327.9,2.25,535
327.9,327.4,327.4,2.25,536
326.9,326.9,327.9,2.25,537
327.9,326.9,327.9,2.25,538
327.65,327.4,327.65,2.25,539
327.9,327.4,327.65,2.25,540
327.65,327.15,327.9,2.25,541
327.15,327.15,327.9,2.25,542
326.9,327.15,327.65,2.25,543
327.65,326.9,327.9,2.25,544
327.4,326.9,327.9,2.25,545
327.4,327.15,327.15,2.25,546
327.15,326.9,328.15,2.25,547
327.15,326.9,327.65,2.25,548
327.4,327.15,327.9,2.25,549
327.15,327.4,328.15,2.25,550
327.4,327.15,327.4,2.25,551
327.4,326.9,327.15,2.25,552
326.9,326.4,327.4,2.25,553
326.65,326.9,326.9,2.25,554
326.65,326.65,327.15,2.25,555
326.65,326.9,327.4,2.25,556
326.65,326.4,326.9,2.25,557
327.15,326.65,327.15,2.25,558
327.15,326.9,327.4,2.25,559
327.15,326.9,326.9,2.25,560
326.65,326.65,326.65,2.25,561
326.65,326.4,326.65,2.25,562
327.15,326.9,326.65,2.25,563
326.9,326.9,326.65,2.25,564
326.9,326.65,326.9,2.25,565
326.9,326.65,327.15,2.25,566
326.15,326.15,326.9,2.25,567
326.9,326.4,326.65,2.25,568
326.9,326.15,327.15,2.25,569
326.65,326.4,326.9,2.25,570
326.9,326.4,326.9,2.25,571
326.4,326.15,326.9,2.25,572
326.65,326.4,326.65,2.25,573
326.65,326.65,326.65,2.25,574
326.65,326.15,326.65,2.25,575
326.4,326.4,326.15,2.25,576
326.4,326.15,326.65,2.25,577
325.9,325.9,326.65,2.25,578
326.4,326.15,326.65,2.25,579
326.15,325.65,326.4,2.25,580
326.4,326.15,326.15,2.25,581
326.15,326.4,326.4,2.25,582
326.15,325.9,326.65,2.25,583
326.15,325.9,326.65,2.25,584
326.4,325.9,326.15,2.25,585
326.15,325.65,326.65,2.25,586
325.9,325.15,326.4,2.25,587
326.4,325.9,326.65,2.25,588
326.4,325.4,326.4,2.25,589
326.15,325.9,326.4,2.25,590
326.15,326.15,326.4,2.25,591
326.4,325.65,326.4,2.25,592
325.9,325.65,326.65,2.25,593
325.4,325.65,326.9,2.25,594
326.15,325.65,326.4,2.25,595
326.15,325.65,326.4,2.25,596
325.65,325.4,326.4,2.25,597
325.65,325.4,326.65,2.25,598
325.4,325.4,326.4,2.25,599
325.9,325.15,326.15,2.25,600
325.4,325.4,326.4,2.25,601
325.65,325.65,326.4,2.25,602
325.9,325.4,326.4,2.25,603
325.4,324.65,325.4,2.25,604
325.65,325.65,326.15,2.25,605
325.65,324.9,326.15,2.25,606
325.15,325.15,326.4,2.25,607
325.15,325.15,326.15,2.25,608
325.9,325.4,326.15,2.25,609
325.4,325.15,326.15,2.25,610
325.65,325.15,325.9,2.25,611
325.15,325.15,326.15,2.25,612
325.65,324.9,326.15,2.25,613
325.4,324.65,325.9,2.25,614
325.15,325.15,326.15,2.25,615
324.65,325.15,326.15,2.25,616
324.9,325.4,325.9,2.25,617
325.4,325.15,325.4,2.25,618
324.65,325.15,325.65,2.25,619
325.4,325.15,325.15,2.25,620
325.4,324.9,325.65,2.25,621
325.15,325.4,325.9,2.25,622
325.15,325.15,325.4,2.25,623
325.15,325.15,325.4,2.25,624
325.4,324.4,325.4,2.25,625
324.9,325.15,325.4,2.25,626
324.9,324.65,325.4,2.25,627
325.15,324.65,325.4,2.25,628
324.65,324.65,324.9,2.25,629
325.15,324.9,325.4,2.25,630
325.15,324.4,325.15,2.25,631
325.4,324.9,325.15,2.25,632
325.15,324.65,325.4,2.25,633
324.65,324.15,325.4,2.25,634
324.4,324.15,325.15,2.25,635
324.9,324.4,325.4,2.25,636
324.65,324.4,324.65,2.25,637
324.15,324.4,325.4,2.25,638
324.65,324.15,324.9,2.25,639
324.65,324.15,325.15,2.25,640
324.4,324.15,324.9,2.25,641
324.65,324.4,324.65,2.25,642
324.65,324.4,324.9,2.25,643
324.65,324.4,324.9,2.25,644
324.9,323.9,324.65,2.25,645
324.65,324.4,324.9,2.25,646
324.9,324.15,324.9,2.25,647
324.65,324.65,324.4,2.25,648
324.4,323.9,324.9,2.25,649
324.4,324.4,324.65,2.25,650
324.65,324.15,324.65,2.25,651
324.15,323.65,324.65,2.25,652
324.4,324.15,324.65,2.25,653
324.65,323.65,324.65,2.25,654
324.15,324.15,324.4,2.25,655
324.15,324.15,324.9,2.25,656
323.9,324.15,324.65,2.25,657
324.65,324.15,325.15,2.25,658
324.15,324.15,324.9,2.25,659
324.4,323.4,324.9,2.25,660
324.4,324.15,324.65,2.25,661
324.15,323.65,324.15,2.25,662
324.15,324.15,324.4,2.25,663
324.15,323.4,324.15,2.25,664
323.9,323.65,324.4,2.25,665
324.15,323.65,324.15,2.25,666
324.15,323.15,324.4,2.25,667
324.15,323.9,324.65,2.25,668
323.9,323.65,324.65,2.25,669
324.15,323.4,324.65,2.25,670
324.15,323.65,324.65,2.25,671
323.65,323.65,324.65,2.25,672
323.9,323.65,324.15,2.25,673
324.15,323.9,324.15,2.25,674
323.9,323.65,324.65,2.25,675
323.65,323.4,323.9,2.25,676
323.9,323.65,324.4,2.25,677
323.65,323.4,324.15,2.25,678
323.65,323.9,323.9,2.25,679
323.9,323.65,323.9,2.25,680
324.15,323.4,323.65,2.25,681
323.4,323.65,323.65,2.25,682
323.65,323.65,324.15,2.25,683
323.65,323.9,323.9,2.25,684
323.65,323.65,323.4,2.25,685
323.9,322.9,323.9,2.25,686
323.15,323.65,323.9,2.25,687
323.4,323.65,323.9,2.25,688
323.15,323.65,324.15,2.25,689
323.65,323.4,323.65,2.25,690
323.65,322.9,324.15,2.25,691
323.15,323.4,323.65,2.25,692
323.65,323.4,323.65,2.25,693
323.15,322.9,324.4,2.25,694
323.9,323.15,323.65,2.25,695
323.4,322.9,323.4,2.25,696
323.4,323.15,323.65,2.25,697
323.15,323.15,323.65,2.25,698
323.15,323.65,323.9,2.25,699
323.4,323.15,323.9,2.25,700
323.4,323.15,323.9,2.25,701
322.9,323.4,323.65,2.25,702
323.15,323.4,323.65,2.25,703
323.4,323.15,323.65,2.25,704
323.4,323.15,323.9,2.25,705
323.4,323.15,323.65,2.25,706
323.15,322.9,323.4,2.25,707
323.15,323.15,323.4,2.25,708
323.15,323.15,323.4,2.25,709
323.15,322.9,323.15,2.25,710
323.15,323.4,323.4,2.25,711
322.9,322.4,323.15,2.25,712
322.9,323.4,322.9,2.25,713
322.9,322.65,323.15,2.25,714
322.9,323.15,322.9,2.25,715
323.15,322.65,322.65,2.25,716
322.9,322.65,323.15,2.25,717
322.9,323.15,322.9,2.25,718
322.9,322.65,322.4,2.25,719
322.4,322.9,322.4,2.25,720
322.4,322.9,323.15,2.25,721
322.4,323.15,323.15,2.25,722
322.9,322.9,322.65,2.25,723
322.9,322.9,323.15,2.25,724
322.65,322.9,322.65,2.25,725
322.65,322.65,323.15,2.25,726
322.4,322.65,323.15,2.25,727
322.65,322.65,322.4,2.25,728
322.65,322.65,322.65,2.25,729
322.65,322.4,322.9,2.25,730
322.65,322.9,322.9,2.25,731
322.65,322.65,322.65,2.25,732
322.65,322.65,322.4,2.25,733
322.4,322.15,322.65,2.25,734
322.65,322.9,322.15,2.25,735
322.9,321.65,322.65,2.25,736
322.65,322.65,322.65,2.25,737
322.4,322.15,322.65,2.25,738
322.4,322.65,322.65,2.25,739
322.65,322.15,322.65,2.25,740
322.4,322.65,321.9,2.25,741
322.4,322.4,322.65,2.25,742
322.4,322.4,322.9,2.25,743
322.15,322.65,322.9,2.25,744
322.4,322.4,322.65,2.25,745
322.65,322.65,322.9,2.25,746
322.15,321.65,322.65,2.25,747
321.9,321.65,322.9,2.25,748
321.9,322.4,322.15,2.25,749
321.9,322.4,322.65,2.25,750
321.9,322.4,322.4,2.25,751
321.9,322.15,322.65,2.25,752
321.9,322.15,322.65,2.25,753
321.65,322.15,322.65,2.25,754
321.9,322.15,322.4,2.25,755
321.9,321.9,322.4,2.25,756
321.9,321.65,322.15,2.25,757
322.15,321.9,322.15,2.25,758
321.9,322.15,322.4,2.25,759
322.15,322.15,321.9,2.25,760
321.65,321.4,322.4,2.25,761
321.9,321.9,322.15,2.25,762
322.15,321.15,322.4,2.25,763
321.4,321.9,322.4,2.25,764
321.15,322.15,322.15,2.25,765
321.4,321.65,321.9,2.25,766
321.9,321.65,322.15,2.25,767
321.65,321.9,322.15,2.25,768
321.65,321.4,322.15,2.25,769
321.65,321.4,321.9,2.25,770
321.4,321.65,322.15,2.25,771
321.9,321.65,321.65,2.25,772
321.65,321.65,321.65,2.25,773
321.4,321.4,321.65,2.25,774
321.15,321.65,321.4,2.25,775
321.65,321.65,321.9,2.25,776
321.4,321.65,321.65,2.25,777
321.4,320.65,321.9,2.25,778
321.4,321.65,321.9,2.25,779
321.65,321.4,321.65,2.25,780
321.4,321.15,321.4,2.25,781
320.9,321.65,322.15,2.25,782
321.15,321.15,322.15,2.25,783
321.15,321.4,321.9,2.25,784
321.15,320.9,321.65,2.25,785
321.4,321.4,321.65,2.25,786
321.15,321.65,321.65,2.25,787
321.4,320.65,321.65,2.25,788
320.9,321.15,321.9,2.25,789
321.15,321.15,321.65,2.25,790
320.9,321.15,321.65,2.25,791
321.65,321.15,321.15,2.25,792
321.15,321.15,321.4,2.25,793
321.15,321.15,321.65,2.25,794
320.9,320.65,321.65,2.25,795
321.15,321.15,321.65,2.25,796
320.9,321.15,321.4,2.25,797
320.9,321.15,321.4,2.25,798
320.9,321.15,321.15,2.25,799
320.9,320.65,321.15,2.25,800
320.65,320.9,321.15,2.25,801
320.9,321.15,321.15,2.25,802
320.9,320.4,321.15,2.25,803
320.9,320.4,321.15,2.25,804
320.9,321.4,321.15,2.25,805
320.9,321.15,321.15,2.25,806
320.4,321.15,321.15,2.25,807
321.15,321.15,321.15,2.25,808
320.9,321.15,321.15,2.25,809
320.4,320.65,320.4,2.25,810
320.9,320.65,320.65,2.25,811
320.4,320.65,320.9,2.25,812
320.9,320.9,321.15,2.25,813
320.65,320.65,320.9,2.25,814
320.65,320.65,320.65,2.25,815
320.4,320.9,320.4,2.25,816
320.65,320.65,320.9,2.25,817
320.65,320.9,320.65,2.25,818
320.65,320.15,320.65,2.25,819
320.4,320.65,320.9,2.25,820
320.4,320.65,320.65,2.25,821
320.9,320.4,320.65,2.25,822
320.65,320.9,320.65,2.25,823
320.15,320.65,320.4,2.25,824
320.65,320.4,320.65,2.25,825
320.4,320.4,320.4,2.25,826
320.4,320.65,320.4,2.25,827
320.4,319.9,320.4,2.25,828
320.15,320.65,320.15,2.25,829
320.15,320.4,320.4,2.25,830
320.4,320.4,320.4,2.25,831
320.4,320.4,320.65,2.25,832
320.65,319.9,320.9,2.25,833
320.4,319.65,320.15,2.25,834
320.4,320.15,319.9,2.25,835
320.4,320.4,320.4,2.25,836
320.15,320.15,320.4,2.25,837
320.4,320.15,320.4,2.25,838
320.4,320.15,319.9,2.25,839
320.4,319.9,320.4,2.25,840
320.4,320.4,320.4,2.25,841
320.15,319.9,320.4,2.25,842
320.15,320.4,320.15,2.25,843
320.15,320.15,319.9,2.25,844
320.65,319.65,320.4,2.25,845
320.15,320.15,319.9,2.25,846
320.4,320.15,320.4,2.25,847
319.9,320.15,319.9,2.25,848
320.4,319.65,319.65,2.25,849
320.4,320.15,320.15,2.25,850
320.15,319.9,319.9,2.25,851
319.9,319.65,320.15,2.25,852
320.15,320.15,320.15,2.25,853
320.15,320.15,320.15,2.25,854
319.9,319.9,320.15,2.25,855
320.15,319.9,319.9,2.25,856
320.15,319.9,319.9,2.25,857
319.4,319.9,319.65,2.25,858
320.15,320.15,319.4,2.25,859
319.9,319.9,319.9,2.25,860
319.65,319.9,319.65,2.25,861
319.9,319.9,319.65,2.25,862
319.9,319.9,320.15,2.25,863
319.65,319.65,319.4,2.25,864
319.9,319.9,319.9,2.25,865
319.65,319.9,319.9,2.25,866
319.4,319.4,319.65,2.25,867
319.4,319.4,319.65,2.25,868
319.9,319.65,319.4,2.25,869
319.9,319.9,319.65,2.25,870
319.4,319.65,319.65,2.25,871
319.65,319.65,319.65,2.25,872
319.65,319.65,319.4,2.25,873
319.65,319.9,319.65,2.25,874
319.9,319.65,319.65,2.25,875
319.65,319.65,319.4,2.25,876
319.9,319.4,318.9,2.25,877
319.9,319.4,319.65,2.25,878
319.15,319.65,319.4,2.25,879
319.65,319.65,319.65,2.25,880
319.4,319.15,319.4,2.25,881
319.4,319.4,319.9,2.25,882
319.15,319.65,319.15,2.25,883
319.4,319.65,319.15,2.25,884
319.4,319.4,319.4,2.25,885
319.15,319.65,319.15,2.25,886
319.65,318.65,319.15,2.25,887
319.4,319.15,319.4,2.25,888
318.9,319.4,319.15,2.25,889
319.4,319.15,319.15,2.25,890
319.15,319.4,319.4,2.25,891
318.9,319.4,319.15,2.25,892
319.15,319.4,319.15,2.25,893
319.15,319.15,319.4,2.25,894
319.15,319.4,318.65,2.25,895
318.9,319.15,319.15,2.25,896
318.9,319.4,318.9,2.25,897
318.9,319.4,319.15,2.25,898
319.15,319.4,318.9,2.25,899
318.9,318.9,319.15,2.25,900
319.4,318.65,318.65,2.25,901
318.9,319.15,319.15,2.25,902
318.9,318.9,318.9,2.25,903
319.15,319.15,318.9,2.25,904
318.65,319.4,319.15,2.25,905
318.65,319.15,319.15,2.25,906
318.9,318.65,318.9,2.25,907
318.9,319.15,318.9,2.25,908
319.15,319.15,318.9,2.25,909
318.9,318.65,318.65,2.25,910
318.9,318.65,318.9,2.25,911
318.9,318.65,318.65,2.25,912
319.15,319.15,318.65,2.25,913
318.9,318.9,318.65,2.25,914
318.65,318.9,318.4,2.25,915
318.9,318.65,318.9,2.25,916
318.65,318.4,318.4,2.25,917
318.9,318.9,318.65,2.25,918
319.15,318.9,318.4,2.25,919
318.4,318.4,318.65,2.25,920
318.9,318.65,318.65,2.25,921
318.9,318.65,318.4,2.25,922
318.65,318.9,318.4,2.25,923
318.65,318.65,318.65,2.25,924
318.15,318.9,318.65,2.25,925
318.65,318.4,318.65,2.25,926
318.65,318.65,318.65,2.25,927
318.65,318.4,318.15,2.25,928
318.65,319.15,318.4,2.25,929
318.65,318.9,318.65,2.25,930
318.65,318.9,318.65,2.25,931
318.4,319.15,318.4,2.25,932
318.15,318.65,318.65,2.25,933
318.4,318.4,318.4,2.25,934
318.4,318.9,318.65,2.25,935
318.4,318.15,318.15,2.25,936
318.65,318.15,318.15,2.25,937
318.4,318.4,318.15,2.25,938
318.4,318.9,318.15,2.25,939
318.4,318.4,318.4,2.25,940
318.4,318.15,318.4,2.25,941
318.15,318.9,318.4,2.25,942
318.65,318.65,318.4,2.25,943
318.4,318.4,318.15,2.25,944
317.65,318.65,317.9,2.25,945
317.9,318.65,318.4,2.25,946
318.15,318.65,318.65,2.25,947
318.15,318.9,318.65,2.25,948
318.15,317.9,318.4,2.25,949
317.9,318.9,318.4,2.25,950
318.15,318.65,318.4,2.25,951
318.15,318.4,318.4,2.25,952
317.9,318.4,318.4,2.25,953
317.9,318.65,318.15,2.25,954
317.65,318.9,318.15,2.25,955
317.9,318.4,318.15,2.25,956
317.65,318.4,318.15,2.25,957
317.65,318.15,318.15,2.25,958
317.4,318.65,318.15,2.25,959
318.4,318.4,318.15,2.25,960
317.9,318.15,317.9,2.25,961
318.15,317.65,317.9,2.25,962
317.9,318.15,318.4,2.25,963
317.65,318.15,317.65,2.25,964
317.9,317.9,318.15,2.25,965
317.9,317.9,317.9,2.25,966
317.9,318.15,318.15,2.25,967
318.15,318.4,317.9,2.25,968
317.9,317.9,317.9,2.25,969
317.65,317.9,318.4,2.25,970
317.65,318.15,317.9,2.25,971
317.65,318.15,317.4,2.25,972
317.65,318.15,317.65,2.25,973
317.15,318.15,317.4,2.25,974
318.15,317.9,317.9,2.25,975
317.65,318.15,317.9,2.25,976
317.65,317.65,318.15,2.25,977
317.65,317.9,317.65,2.25,978
317.15,318.15,317.65,2.25,979
317.4,317.65,317.65,2.25,980
317.65,317.65,317.65,2.25,981
317.65,317.9,317.65,2.25,982
317.4,317.9,317.9,2.25,983
317.9,317.9,317.9,2.25,984
317.9,318.15,317.65,2.25,985
317.4,317.4,317.65,2.25,986
317.65,317.9,317.65,2.25,987
317.4,317.9,317.65,2.25,988
317.65,318.15,317.65,2.25,989
317.4,317.9,317.9,2.25,990
316.9,317.9,317.65,2.25,991
317.65,317.65,317.15,2.25,992
316.65,317.4,317.65,2.25,993
317.4,317.65,317.4,2.25,994
316.65,317.9,317.4,2.25,995
316.9,317.65,317.15,2.25,996
316.9,317.9,317.15,2.25,997
317.4,317.9,317.15,2.25,998
316.9,317.9,317.4,2.25,999
316.9,316.9,317.4,2.25,1000
317.15,317.4,317.15,2.25,1001
316.9,317.15,317.4,2.25,1002
317.4,317.65,316.9,2.25,1003
317.15,317.4,317.15,2.25,1004
316.9,317.65,316.9,2.25,1005
317.4,317.4,317.15,2.25,1006
317.15,317.65,317.4,2.25,1007
317.4,316.9,317.15,2.25,1008
317.4,317.65,317.4,2.25,1009
316.9,317.65,317.65,2.25,1010
317.15,316.9,317.4,2.25,1011
317.15,317.15,317.15,2.25,1012
316.9,317.65,317.65,2.25,1013
316.65,317.4,316.9,2.25,1014
316.65,317.65,317.15,2.25,1015
317.15,317.65,317.15,2.25,1016
316.9,317.15,317.15,2.25,1017
317.15,317.4,316.65,2.25,1018
316.9,317.65,317.15,2.25,1019
316.9,317.4,316.9,2.25,1020
316.9,317.65,317.4,2.25,1021
316.65,317.65,316.9,2.25,1022
316.9,317.65,317.15,2.25,1023
316.65,317.15,317.15,2.25,1024
316.65,317.15,317.15,2.25,1025
316.65,317.4,317.15,2.25,1026
316.65,317.15,317.15,2.25,1027
316.65,316.9,316.65,2.25,1028
316.9,316.9,317.15,2.25,1029
316.9,317.15,317.15,2.25,1030
316.65,317.15,317.4,2.25,1031
316.65,317.15,317.15,2.25,1032
316.4,317.4,317.15,2.25,1033
316.9,317.4,317.4,2.25,1034
316.4,316.9,317.4,2.25,1035
316.9,317.4,317.15,2.25,1036
316.65,317.15,316.9,2.25,1037
316.65,317.15,316.65,2.25,1038
316.15,317.4,316.65,2.25,1039
316.4,317.15,317.15,2.25,1040
316.15,317.15,316.4,2.25,1041
316.15,316.65,316.9,2.25,1042
316.65,316.9,316.9,2.25,1043
316.65,317.15,316.65,2.25,1044
316.15,317.15,316.4,2.25,1045
316.65,317.15,316.65,2.25,1046
316.65,317.15,316.9,2.25,1047
316.65,316.9,316.65,2.25,1048
315.9,317.15,316.65,2.25,1049
316.4,316.9,316.9,2.25,1050
316.4,316.15,316.9,2.25,1051
316.65,316.65,316.9,2.25,1052
316.4,316.65,316.65,2.25,1053
316.65,317.15,316.4,2.25,1054
316.15,317.15,316.65,2.25,1055
316.65,316.4,316.65,2.25,1056
316.15,316.9,316.15,2.25,1057
316.4,316.4,316.4,2.25,1058
316.15,317.15,316.65,2.25,1059
316.4,316.15,316.65,2.25,1060
316.15,317.15,316.65,2.25,1061
316.4,316.9,316.4,2.25,1062
315.65,316.15,316.9,2.25,1063
315.9,316.9,316.65,2.25,1064
315.9,316.65,316.65,2.25,1065
316.65,316.65,316.4,2.25,1066
316.15,316.4,316.65,2.25,1067
316.4,316.4,315.9,2.25,1068
316.15,316.65,317.15,2.25,1069
315.65,316.9,316.65,2.25,1070
315.65,316.65,316.4,2.25,1071
315.65,316.65,316.15,2.25,1072
315.65,316.4,315.9,2.25,1073
315.65,315.9,316.4,2.25,1074
315.9,316.65,316.4,2.25,1075
315.9,316.65,316.15,2.25,1076
315.9,316.15,316.4,2.25,1077
316.15,316.9,316.15,2.25,1078
315.9,316.15,316.4,2.25,1079
316.15,316.4,316.15,2.25,1080
315.9,316.15,316.4,2.25,1081
315.9,316.15,316.65,2.25,1082
315.9,316.65,316.4,2.25,1083
315.65,316.65,316.4,2.25,1084
315.9,316.4,316.15,2.25,1085
315.4,316.4,316.65,2.25,1086
315.65,316.4,316.65,2.25,1087
315.65,316.4,315.9,2.25,1088
315.9,316.4,316.15,2.25,1089
315.65,316.4,316.4,2.25,1090
315.65,315.9,315.9,2.25,1091
315.65,316.15,315.9,2.25,1092
316.15,316.4,316.4,2.25,1093
315.4,316.65,316.15,2.25,1094
315.9,316.15,315.65,2.25,1095
315.9,316.4,316.15,2.25,1096
315.4,316.15,316.15,2.25,1097
315.4,316.15,316.4,2.25,1098
315.4,315.9,316.15,2.25,1099
315.15,316.65,316.15,2.25,1100
315.4,315.65,315.9,2.25,1101
315.65,315.65,316.15,2.25,1102
315.9,316.15,315.65,2.25,1103
315.65,316.4,315.9,2.25,1104
315.65,315.9,315.65,2.25,1105
315.65,316.15,315.9,2.25,1106
315.65,316.4,315.65,2.25,1107
315.65,315.4,316.15,2.25,1108
315.9,316.65,315.15,2.25,1109
315.4,316.15,315.9,2.25,1110
315.4,315.9,315.4,2.25,1111
315.65,316.15,315.9,2.25,1112
315.4,316.15,315.4,2.25,1113
315.15,315.65,315.65,2.25,1114
315.4,315.9,316.4,2.25,1115
315.4,315.9,316.15,2.25,1116
315.15,315.65,315.65,2.25,1117
315.65,315.65,316.15,2.25,1118
314.65,315.4,316.15,2.25,1119
315.4,315.15,316.4,2.25,1120
315.4,315.4,315.9,2.25,1121
315.15,316.15,315.9,2.25,1122
315.4,315.65,315.9,2.25,1123
315.65,315.9,315.65,2.25,1124
315.4,315.65,315.9,2.25,1125
315.4,315.4,316.15,2.25,1126
315.4,315.65,315.9,2.25,1127
315.4,315.4,315.65,2.25,1128
315.65,315.4,315.9,2.25,1129
315.4,315.65,316.15,2.25,1130
315.15,315.65,316.15,2.25,1131
315.15,314.9,315.4,2.25,1132
315.15,315.4,315.9,2.25,1133
315.4,315.4,316.15,2.25,1134
314.9,315.15,315.9,2.25,1135
315.15,315.65,315.9,2.25,1136
315.4,315.15,315.65,2.25,1137
314.65,315.4,315.65,2.25,1138
315.15,315.65,316.15,2.25,1139
315.15,315.65,315.4,2.25,1140
315.15,315.65,315.4,2.25,1141
314.9,314.65,315.65,2.25,1142
314.9,315.15,315.65,2.25,1143
315.15,315.4,315.65,2.25,1144
315.15,315.4,315.65,2.25,1145
315.15,315.15,314.9,2.25,1146
315.15,314.9,315.65,2.25,1147
314.9,314.9,315.65,2.25,1148
314.9,315.15,315.65,2.25,1149
315.15,315.4,315.4,2.25,1150
314.9,315.4,315.65,2.25,1151
314.9,315.4,315.65,2.25,1152
314.9,315.4,315.4,2.25,1153
314.9,315.15,315.9,2.25,1154
314.9,315.15,315.9,2.25,1155
314.9,315.15,315.65,2.25,1156
314.9,315.4,315.4,2.25,1157
314.9,315.15,315.4,2.25,1158
314.65,315.4,315.65,2.25,1159
314.65,314.9,315.65,2.25,1160
314.4,315.15,315.9,2.25,1161
314.9,314.65,315.15,2.25,1162
314.9,315.15,315.4,2.25,1163
314.65,314.65,314.65,2.25,1164
314.65,315.15,314.9,2.25,1165
314.65,315.15,315.15,2.25,1166
314.4,315.15,315.4,2.25,1167
315.15,314.9,315.4,2.25,1168
314.65,315.4,315.4,2.25,1169
314.65,314.9,314.9,2.25,1170
314.9,315.4,315.15,2.25,1171
314.65,315.4,315.15,2.25,1172
314.65,315.15,315.4,2.25,1173
314.4,314.9,314.4,2.25,1174
314.65,314.9,314.9,2.25,1175
314.4,315.15,315.15,2.25,1176
314.9,314.9,315.15,2.25,1177
313.9,314.9,314.9,2.25,1178
314.15,315.15,315.15,2.25,1179
314.4,315.15,314.9,2.25,1180
314.65,315.4,314.9,2.25,1181
314.65,315.4,314.65,2.25,1182
314.65,314.9,314.9,2.25,1183
314.4,315.15,314.65,2.25,1184
314.65,315.15,313.9,2.25,1185
314.65,315.15,314.65,2.25,1186
314.4,315.15,314.65,2.25,1187
314.4,315.15,314.9,2.25,1188
314.15,315.15,314.9,2.25,1189
314.4,315.4,314.65,2.25,1190
314.65,315.15,314.65,2.25,1191
314.65,314.9,314.65,2.25,1192
314.15,315.15,314.65,2.25,1193
313.9,314.65,314.65,2.25,1194
314.15,315.15,314.15,2.25,1195
314.4,314.9,314.65,2.25,1196
314.4,314.65,314.4,2.25,1197
314.4,314.65,314.65,2.25,1198
314.65,314.9,314.15,2.25,1199
314.4,315.15,314.65,2.25,1200
313.9,315.15,314.65,2.25,1201
314.65,315.15,314.15,2.25,1202
313.9,314.9,314.4,2.25,1203
314.4,314.9,315.15,2.25,1204
314.15,315.4,314.65,2.25,1205
314.15,314.9,315.15,2.25,1206
313.9,315.15,314.4,2.25,1207
314.15,315.15,314.65,2.25,1208
314.4,315.15,314.65,2.25,1209
314.15,315.4,314.65,2.25,1210
314.15,315.15,314.9,2.25,1211
314.15,314.65,314.4,2.25,1212
313.9,314.65,315.15,2.25,1213
314.4,315.4,314.4,2.25,1214
314.15,314.9,314.4,2.25,1215
314.15,314.4,313.9,2.25,1216
313.65,314.65,314.4,2.25,1217
313.9,314.9,313.9,2.25,1218
313.65,314.9,314.4,2.25,1219
313.9,314.9,313.9,2.25,1220
313.9,314.9,314.15,2.25,1221
313.9,314.15,314.15,2.25,1222
313.65,314.65,314.15,2.25,1223
314.15,315.15,314.15,2.25,1224
313.4,314.9,314.15,2.25,1225
313.4,314.9,313.65,2.25,1226
313.9,314.65,313.9,2.25,1227
313.9,314.65,313.9,2.25,1228
313.9,314.65,313.9,2.25,1229
313.9,314.9,313.4,2.25,1230
313.65,314.9,313.9,2.25,1231
313.9,314.9,313.9,2.25,1232
313.65,314.9,313.4,2.25,1233
313.9,314.65,314.15,2.25,1234
314.15,314.65,313.4,2.25,1235
313.9,314.9,313.9,2.25,1236
313.65,315.15,313.65,2.25,1237
313.9,314.9,313.65,2.25,1238
314.15,314.9,313.4,2.25,1239
313.65,315.4,313.15,2.25,1240
313.9,314.65,313.65,2.25,1241
313.9,314.9,313.65,2.25,1242
313.65,313.9,313.15,2.25,1243
313.65,314.9,313.65,2.25,1244
313.65,314.65,313.4,2.25,1245
313.65,314.9,313.4,2.25,1246
313.9,314.9,313.65,2.25,1247
313.4,314.65,314.15,2.25,1248
313.9,314.65,313.65,2.25,1249
313.4,314.4,313.65,2.25,1250
313.65,314.9,313.9,2.25,1251
312.9,314.15,313.9,2.25,1252
313.15,314.65,314.15,2.25,1253
313.65,314.65,313.9,2.25,1254
313.9,314.4,313.65,2.25,1255
313.15,314.4,314.15,2.25,1256
313.4,314.4,313.9,2.25,1257
313.4,314.15,313.9,2.25,1258
313.4,314.9,313.65,2.25,1259
313.65,314.65,313.4,2.25,1260
312.9,314.15,313.4,2.25,1261
313.4,314.65,313.15,2.25,1262
313.65,314.15,313.4,2.25,1263
313.4,314.4,312.9,2.25,1264
313.4,313.9,313.4,2.25,1265
313.4,314.15,312.9,2.25,1266
313.4,314.4,313.65,2.25,1267
313.15,314.4,313.4,2.25,1268
313.15,314.4,313.4,2.25,1269
313.65,314.65,312.9,2.25,1270
313.4,314.4,313.4,2.25,1271
313.4,314.4,313.15,2.25,1272
313.15,314.15,313.15,2.25,1273
312.9,314.65,313.4,2.25,1274
313.4,313.9,312.65,2.25,1275
313.4,313.9,313.4,2.25,1276
313.15,314.15,313.4,2.25,1277
313.4,314.4,313.4,2.25,1278
313.4,314.65,313.15,2.25,1279
312.9,314.4,313.15,2.25,1280
313.15,314.15,313.15,2.25,1281
313.15,314.4,313.15,2.25,1282
313.65,314.15,313.15,2.25,1283
313.15,313.9,313.15,2.25,1284
313.65,314.15,312.9,2.25,1285
313.65,314.15,312.9,2.25,1286
313.15,314.15,313.15,2.25,1287
313.15,314.15,313.4,2.25,1288
313.15,314.15,313.15,2.25,1289
312.9,314.4,313.15,2.25,1290
313.65,314.15,313.15,2.25,1291
313.15,313.9,313.15,2.25,1292
312.65,313.9,313.15,2.25,1293
313.15,314.15,313.15,2.25,1294
312.4,313.65,313.15,2.25,1295
312.9,314.4,312.9,2.25,1296
313.4,313.9,312.9,2.25,1297
313.15,313.9,312.9,2.25,1298
312.65,314.15,312.9,2.25,1299
313.15,313.65,312.9,2.25,1300
313.15,314.15,313.15,2.25,1301
312.65,314.15,313.15,2.25,1302
312.65,314.15,312.65,2.25,1303
312.65,313.9,312.9,2.25,1304
313.15,313.65,312.65,2.25,1305
312.65,314.4,312.9,2.25,1306
313.15,314.15,312.9,2.25,1307
312.65,314.4,313.15,2.25,1308
312.4,314.4,312.4,2.25,1309
312.9,314.15,312.9,2.25,1310
313.15,313.9,312.9,2.25,1311
313.15,313.4,313.15,2.25,1312
312.65,314.15,313.15,2.25,1313
312.65,314.15,312.65,2.25,1314
313.15,313.9,312.9,2.25,1315
312.9,313.9,313.15,2.25,1316
312.65,314.15,312.9,2.25,1317
313.15,313.4,312.9,2.25,1318
313.15,313.9,312.65,2.25,1319
312.4,313.9,312.9,2.25,1320
312.9,313.9,312.65,2.25,1321
312.4,313.65,313.15,2.25,1322
312.4,313.9,312.65,2.25,1323
312.4,314.15,312.9,2.25,1324
312.65,313.15,312.65,2.25,1325
313.15,313.9,312.9,2.25,1326
312.4,313.9,313.15,2.25,1327
312.9,313.65,312.9,2.25,1328
312.4,313.65,312.9,2.25,1329
312.4,313.4,313.15,2.25,1330
312.65,313.15,313.15,2.25,1331
312.4,313.65,313.15,2.25,1332
312.4,313.15,312.9,2.25,1333
312.65,313.65,312.9,2.25,1334
312.4,313.4,313.4,2.25,1335
312.9,313.65,312.4,2.25,1336
312.15,313.65,312.65,2.25,1337
312.65,313.65,312.9,2.25,1338
312.65,313.9,312.65,2.25,1339
312.65,313.9,312.4,2.25,1340
312.65,313.4,312.9,2.25,1341
312.65,313.65,312.9,2.25,1342
312.15,313.65,312.15,2.25,1343
312.65,313.15,312.65,2.25,1344
312.65,313.9,312.9,2.25,1345
312.65,313.65,312.9,2.25,1346
312.9,313.65,312.9,2.25,1347
312.9,313.4,312.4,2.25,1348
312.65,313.9,312.15,2.25,1349
312.65,313.65,312.4,2.25,1350
312.65,313.65,312.65,2.25,1351
312.15,313.15,312.65,2.25,1352
312.9,313.4,312.65,2.25,1353
312.9,313.4,312.65,2.25,1354
312.65,313.4,312.4,2.25,1355
312.65,313.65,312.65,2.25,1356
312.15,313.4,312.65,2.25,1357
312.65,313.4,312.4,2.25,1358
312.15,313.4,312.4,2.25,1359
312.4,313.4,312.15,2.25,1360
312.15,313.4,312.15,2.25,1361
312.9,312.9,312.4,2.25,1362
312.65,313.65,312.4,2.25,1363
312.65,312.9,312.4,2.25,1364
312.65,313.15,312.4,2.25,1365
312.15,312.9,312.15,2.25,1366
312.65,313.4,312.15,2.25,1367
312.4,313.4,311.9,2.25,1368
312.15,312.9,312.4,2.25,1369
312.65,313.15,312.65,2.25,1370
311.9,313.15,312.15,2.25,1371
312.4,313.4,312.65,2.25,1372
312.4,312.65,311.9,2.25,1373
311.65,312.4,312.15,2.25,1374
312.15,313.15,312.15,2.25,1375
312.4,312.9,311.65,2.25,1376
312.15,312.9,312.9,2.25,1377
312.4,312.9,312.4,2.25,1378
311.9,313.15,312.4,2.25,1379
312.4,313.15,311.9,2.25,1380
312.15,312.65,311.9,2.25,1381
311.9,313.15,311.9,2.25,1382
312.15,312.4,312.15,2.25,1383
311.65,312.9,312.15,2.25,1384
312.15,312.9,311.9,2.25,1385
311.9,312.65,311.9,2.25,1386
311.9,312.9,312.15,2.25,1387
312.15,312.65,312.4,2.25,1388
312.4,312.65,311.65,2.25,1389
312.15,312.9,312.15,2.25,1390
311.9,312.65,311.9,2.25,1391
311.9,312.65,311.65,2.25,1392
311.9,312.65,312.15,2.25,1393
311.65,312.65,311.9,2.25,1394
311.9,312.9,312.15,2.25,1395
311.9,312.65,311.9,2.25,1396
311.9,312.9,311.9,2.25,1397
311.9,313.15,312.15,2.25,1398
312.15,313.15,311.65,2.25,1399
311.9,312.9,312.15,2.25,1400
312.15,312.9,311.4,2.25,1401
311.9,312.65,312.4,2.25,1402
311.9,312.65,312.15,2.25,1403
312.15,312.9,312.15,2.25,1404
312.15,312.65,311.65,2.25,1405
311.65,312.65,312.15,2.25,1406
312.15,312.15,312.15,2.25,1407
311.9,312.4,312.15,2.25,1408
311.9,312.15,311.65,2.25,1409
311.9,312.15,311.65,2.25,1410
312.15,312.65,311.4,2.25,1411
311.65,312.15,311.4,2.25,1412
311.4,312.65,311.9,2.25,1413
311.65,312.65,311.9,2.25,1414
312.15,312.65,312.15,2.25,1415
311.65,312.4,311.9,2.25,1416
311.65,312.65,311.9,2.25,1417
311.4,311.9,311.9,2.25,1418
311.9,312.4,311.65,2.25,1419
311.15,312.4,311.65,2.25,1420
311.65,312.65,311.9,2.25,1421
311.65,312.15,312.15,2.25,1422
310.9,312.15,311.9,2.25,1423
311.4,312.65,311.9,2.25,1424
311.65,312.65,311.9,2.25,1425
311.4,312.65,311.9,2.25,1426
311.9,312.65,311.9,2.25,1427
311.4,312.15,311.9,2.25,1428
311.15,312.65,311.9,2.25,1429
311.9,312.15,311.4,2.25,1430
311.65,312.4,311.4,2.25,1431
311.65,312.15,311.65,2.25,1432
311.4,311.9,311.65,2.25,1433
311.65,312.65,311.4,2.25,1434
311.65,312.4,311.65,2.25,1435
311.4,312.4,311.65,2.25,1436
311.65,312.4,311.65,2.25,1437
311.65,312.4,311.65,2.25,1438
311.65,312.4,311.4,2.25,1439
311.65,312.15,311.9,2.25,1440
311.65,312.15,311.9,2.25,1441
311.15,312.4,311.4,2.25,1442
311.65,311.9,311.4,2.25,1443
311.65,312.4,311.65,2.25,1444
311.4,312.15,311.65,2.25,1445
310.9,312.65,311.15,2.25,1446
311.4,312.15,311.65,2.25,1447
311.65,312.65,311.15,2.25,1448
311.65,311.9,311.65,2.25,1449
310.9,312.15,311.65,2.25,1450
311.4,312.4,311.15,2.25,1451
311.65,312.65,310.9,2.25,1452
311.4,311.9,311.15,2.25,1453
310.4,312.4,311.15,2.25,1454
311.15,312.15,311.15,2.25,1455
311.4,312.65,311.4,2.25,1456
311.15,312.15,311.65,2.25,1457
311.15,312.15,311.65,2.25,1458
311.4,311.9,311.4,2.25,1459
311.15,312.15,311.65,2.25,1460
310.9,311.65,311.65,2.25,1461
311.4,311.65,311.4,2.25,1462
311.15,311.65,311.4,2.25,1463
310.9,311.65,311.15,2.25,1464
311.4,311.65,310.9,2.25,1465
311.15,312.15,311.65,2.25,1466
311.15,312.4,311.4,2.25,1467
310.9,311.9,311.65,2.25,1468
310.9,312.15,311.4,2.25,1469
311.4,312.4,311.4,2.25,1470
311.15,312.15,310.9,2.25,1471
310.4,311.9,311.4,2.25,1472
311.4,312.15,310.9,2.25,1473
311.15,312.15,311.4,2.25,1474
310.65,312.15,311.15,2.25,1475
310.9,311.9,311.4,2.25,1476
311.15,311.9,310.9,2.25,1477
311.15,311.65,311.4,2.25,1478
311.4,311.9,311.4,2.25,1479
311.4,311.9,310.9,2.25,1480
311.4,311.9,310.9,2.25,1481
310.9,311.4,311.15,2.25,1482
310.9,311.65,311.15,2.25,1483
310.9,311.65,311.15,2.25,1484
311.15,311.65,310.9,2.25,1485
311.15,311.4,311.4,2.25,1486
311.15,312.15,310.9,2.25,1487
310.9,311.65,311.15,2.25,1488
311.15,311.65,311.4,2.25,1489
310.9,311.65,310.9,2.25,1490
311.15,311.65,310.65,2.25,1491
310.65,311.4,310.9,2.25,1492
311.15,311.9,311.15,2.25,1493
310.4,311.4,311.15,2.25,1494
310.9,311.4,310.9,2.25,1495
310.65,311.9,311.15,2.25,1496
310.9,311.9,311.15,2.25,1497
310.65,311.9,311.15,2.25,1498
310.4,312.15,311.15,2.25,1499
311.15,311.4,310.9,2.25,1500
310.9,311.65,310.4,2.25,1501
310.9,311.9,310.9,2.25,1502
310.4,311.9,311.15,2.25,1503
310.65,311.4,311.15,2.25,1504
311.15,311.65,310.9,2.25,1505
310.65,311.9,310.9,2.25,1506
310.65,311.4,310.9,2.25,1507
310.4,311.65,310.65,2.25,1508
310.4,311.4,310.9,2.25,1509
310.9,311.9,310.9,2.25,1510
310.65,310.9,310.15,2.25,1511
310.4,311.65,310.9,2.25,1512
310.65,311.65,310.9,2.25,1513
310.9,311.65,310.9,2.25,1514
310.9,311.65,310.9,2.25,1515
310.9,311.4,310.9,2.25,1516
309.9,311.65,310.9,2.25,1517
310.9,311.15,310.9,2.25,1518
310.9,311.15,310.9,2.25,1519
310.65,311.15,310.15,2.25,1520
310.9,311.4,310.9,2.25,1521
310.65,311.65,310.9,2.25,1522
310.65,311.65,310.9,2.25,1523
310.4,311.65,311.15,2.25,1524
310.65,311.65,310.9,2.25,1525
310.65,311.4,310.65,2.25,1526
310.15,311.65,310.4,2.25,1527
310.4,311.15,310.65,2.25,1528
309.65,311.4,310.9,2.25,1529
310.9,311.4,310.4,2.25,1530
310.4,311.4,310.9,2.25,1531
310.65,311.4,310.9,2.25,1532
310.65,311.4,310.65,2.25,1533
309.9,311.4,310.65,2.25,1534
309.9,311.15,311.15,2.25,1535
310.65,311.15,310.9,2.25,1536
310.15,310.9,310.65,2.25,1537
310.15,311.4,310.9,2.25,1538
310.4,311.15,310.9,2.25,1539
309.9,310.9,310.9,2.25,1540
310.65,311.15,310.4,2.25,1541
310.65,310.4,311.15,2.25,1542
309.9,311.15,310.9,2.25,1543
310.4,311.4,310.9,2.25,1544
310.15,311.65,310.9,2.25,1545
310.15,311.15,310.9,2.25,1546
310.15,311.4,310.65,2.25,1547
310.65,311.65,310.9,2.25,1548
310.4,310.65,311.15,2.25,1549
310.15,310.4,311.15,2.25,1550
310.4,310.65,311.15,2.25,1551
310.15,311.4,311.15,2.25,1552
309.9,311.15,310.9,2.25,1553
310.15,310.9,311.15,2.25,1554
310.15,311.15,310.9,2.25,1555
310.15,310.9,310.65,2.25,1556
310.15,311.15,311.15,2.25,1557
310.4,311.4,310.65,2.25,1558
310.15,310.9,310.9,2.25,1559
309.65,311.15,310.9,2.25,1560
310.4,311.15,310.65,2.25,1561
309.9,311.15,310.65,2.25,1562
309.9,310.9,310.9,2.25,1563
309.65,311.15,310.9,2.25,1564
310.15,310.9,310.9,2.25,1565
310.15,310.65,310.65,2.25,1566
309.9,310.9,310.9,2.25,1567
310.4,310.65,310.65,2.25,1568
310.4,310.9,310.65,2.25,1569
310.15,310.9,310.65,2.25,1570
310.4,310.9,310.65,2.25,1571
309.9,311.15,310.9,2.25,1572
310.4,310.9,310.4,2.25,1573
310.15,310.9,310.4,2.25,1574
310.15,311.4,310.4,2.25,1575
310.15,310.9,310.9,2.25,1576
309.9,310.65,310.4,2.25,1577
310.15,311.15,310.65,2.25,1578
309.9,311.15,310.65,2.25,1579
309.9,311.15,310.4,2.25,1580
309.65,310.65,310.4,2.25,1581
309.65,310.9,310.15,2.25,1582
310.15,310.65,309.9,2.25,1583
309.9,310.65,310.4,2.25,1584
310.15,310.9,310.4,2.25,1585
310.4,310.65,310.4,2.25,1586
310.15,310.65,310.15,2.25,1587
309.65,310.9,309.9,2.25,1588
309.65,310.4,310.4,2.25,1589
309.9,311.15,310.4,2.25,1590
310.15,310.65,310.4,2.25,1591
309.9,310.65,310.4,2.25,1592
310.15,310.65,310.15,2.25,1593
309.65,310.65,310.4,2.25,1594
310.15,310.9,310.15,2.25,1595
309.65,311.15,310.15,2.25,1596
309.65,311.15,310.15,2.25,1597
309.9,310.9,310.4,2.25,1598
310.15,310.65,310.4,2.25,1599
310.15,310.9,310.15,2.25,1600
309.9,311.15,310.15,2.25,1601
309.65,310.4,309.9,2.25,1602
309.9,310.4,309.9,2.25,1603
309.9,311.15,310.15,2.25,1604
309.9,310.65,310.4,2.25,1605
309.9,310.4,309.65,2.25,1606
309.65,311.15,310.15,2.25,1607
309.9,310.65,310.15,2.25,1608
310.15,310.9,309.9,2.25,1609
309.9,310.15,310.15,2.25,1610
310.15,310.65,309.65,2.25,1611
310.15,310.4,309.9,2.25,1612
309.9,310.65,310.15,2.25,1613
310.15,310.4,309.65,2.25,1614
309.9,310.9,310.15,2.25,1615
309.9,310.65,309.65,2.25,1616
309.4,310.65,309.9,2.25,1617
309.4,310.65,310.15,2.25,1618
310.15,310.9,310.15,2.25,1619
309.9,310.65,310.15,2.25,1620
309.65,310.65,310.4,2.25,1621
309.65,310.4,310.15,2.25,1622
309.4,310.4,309.9,2.25,1623
309.9,310.9,310.15,2.25,1624
309.4,310.9,309.65,2.25,1625
309.4,310.65,309.9,2.25,1626
309.9,310.15,309.9,2.25,1627
309.4,310.9,309.65,2.25,1628
309.4,310.9,309.4,2.25,1629
309.9,310.4,309.65,2.25,1630
309.65,310.4,309.9,2.25,1631
309.65,310.4,309.9,2.25,1632
309.65,310.9,309.9,2.25,1633
309.15,310.4,309.4,2.25,1634
309.9,310.15,309.65,2.25,1635
309.4,309.9,309.9,2.25,1636
309.15,310.4,309.65,2.25,1637
309.15,310.15,310.15,2.25,1638
309.65,310.4,309.65,2.25,1639
309.4,309.9,309.9,2.25,1640
309.65,310.4,309.9,2.25,1641
309.65,310.15,309.65,2.25,1642
309.65,310.4,309.4,2.25,1643
309.4,310.4,309.65,2.25,1644
309.65,310.4,309.65,2.25,1645
309.15,310.15,309.65,2.25,1646
309.4,310.4,309.65,2.25,1647
309.15,310.15,309.4,2.25,1648
309.15,310.65,309.65,2.25,1649
309.65,310.15,309.65,2.25,1650
309.65,310.15,309.4,2.25,1651
309.4,310.65,309.4,2.25,1652
309.65,310.65,309.4,2.25,1653
309.4,310.4,309.4,2.25,1654
309.4,310.4,309.4,2.25,1655
309.65,310.15,309.65,2.25,1656
309.4,310.4,309.9,2.25,1657
309.65,309.9,309.65,2.25,1658
309.65,309.4,309.65,2.25,1659
308.65,310.15,309.65,2.25,1660
308.9,309.4,309.65,2.25,1661
309.4,310.15,309.9,2.25,1662
309.4,310.15,309.9,2.25,1663
309.4,309.9,309.65,2.25,1664
309.65,309.9,309.65,2.25,1665
309.65,310.15,309.4,2.25,1666
309.4,310.65,309.65,2.25,1667
309.4,309.9,309.65,2.25,1668
309.4,310.15,309.4,2.25,1669
309.4,309.9,309.65,2.25,1670
309.4,309.15,309.65,2.25,1671
308.9,309.9,309.4,2.25,1672
309.15,310.15,309.65,2.25,1673
308.9,310.15,309.4,2.25,1674
308.9,310.15,309.4,2.25,1675
309.4,310.15,309.4,2.25,1676
309.4,310.15,309.4,2.25,1677
308.9,309.9,309.65,2.25,1678
309.4,310.4,309.15,2.25,1679
309.4,310.4,309.65,2.25,1680
309.4,309.65,309.15,2.25,1681
308.9,309.65,309.65,2.25,1682
309.15,310.15,309.4,2.25,1683
309.15,309.65,309.15,2.25,1684
308.9,310.4,309.4,2.25,1685
309.15,309.65,309.4,2.25,1686
309.15,309.65,309.4,2.25,1687
309.4,310.15,309.65,2.25,1688
308.9,310.15,309.15,2.25,1689
309.15,309.9,309.4,2.25,1690
308.65,309.4,309.4,2.25,1691
309.15,310.15,308.9,2.25,1692
308.9,309.9,308.9,2.25,1693
308.9,309.9,309.4,2.25,1694
309.15,310.4,309.4,2.25,1695
309.15,309.9,309.4,2.25,1696
308.9,310.15,309.4,2.25,1697
309.4,309.9,309.15,2.25,1698
308.65,309.65,309.15,2.25,1699
308.65,309.9,308.9,2.25,1700
308.65,309.9,308.9,2.25,1701
309.15,309.9,309.4,2.25,1702
309.15,309.4,309.15,2.25,1703
309.15,309.4,309.15,2.25,1704
309.15,309.65,308.9,2.25,1705
308.9,309.4,308.9,2.25,1706
308.4,309.4,309.15,2.25,1707
309.15,309.4,309.65,2.25,1708
309.15,309.9,309.4,2.25,1709
308.65,309.9,309.15,2.25,1710
308.15,309.9,309.4,2.25,1711
308.9,309.65,309.15,2.25,1712
309.15,309.65,309.15,2.25,1713
308.9,309.4,309.4,2.25,1714
308.65,309.65,309.15,2.25,1715
308.9,309.65,309.4,2.25,1716
309.15,309.65,309.15,2.25,1717
308.9,309.65,309.15,2.25,1718
308.65,309.65,308.9,2.25,1719
308.9,309.9,309.15,2.25,1720
308.9,309.65,309.4,2.25,1721
308.65,309.9,308.9,2.25,1722
308.15,309.9,309.4,2.25,1723
309.15,309.65,308.65,2.25,1724
308.9,309.65,308.9,2.25,1725
308.4,309.65,309.4,2.25,1726
308.9,309.65,309.65,2.25,1727
308.4,309.15,309.15,2.25,1728
308.4,309.15,309.15,2.25,1729
308.65,309.4,309.15,2.25,1730
309.15,309.15,308.65,2.25,1731
308.9,309.65,309.15,2.25,1732
309.15,309.15,308.65,2.25,1733
308.65,309.9,308.9,2.25,1734
308.15,309.65,308.9,2.25,1735
308.9,309.4,309.15,2.25,1736
308.9,309.4,309.15,2.25,1737
308.4,309.65,309.15,2.25,1738
308.9,309.4,308.9,2.25,1739
308.65,309.65,308.9,2.25,1740
308.9,309.65,308.9,2.25,1741
308.9,309.4,308.9,2.25,1742
308.9,309.65,308.65,2.25,1743
308.9,309.65,308.9,2.25,1744
308.9,309.4,308.65,2.25,1745
308.65,309.65,308.65,2.25,1746
308.9,309.65,308.4,2.25,1747
308.65,309.4,308.65,2.25,1748
307.9,309.65,308.9,2.25,1749
308.9,309.4,308.4,2.25,1750
308.65,309.65,308.9,2.25,1751
308.65,309.15,308.9,2.25,1752
308.4,309.4,308.9,2.25,1753
308.4,309.9,308.9,2.25,1754
308.65,309.4,308.65,2.25,1755
308.4,309.15,309.15,2.25,1756
308.4,309.4,308.9,2.25,1757
308.4,309.65,308.4,2.25,1758
308.65,309.65,309.15,2.25,1759
308.15,309.65,308.65,2.25,1760
308.65,309.15,308.9,2.25,1761
308.4,309.4,309.15,2.25,1762
308.4,309.15,308.65,2.25,1763
308.15,309.4,308.65,2.25,1764
308.65,309.15,308.9,2.25,1765
308.15,309.65,308.9,2.25,1766
308.65,309.15,308.9,2.25,1767
308.4,309.4,308.9,2.25,1768
308.15,309.4,308.9,2.25,1769
307.9,309.4,308.9,2.25,1770
307.65,309.4,308.65,2.25,1771
308.15,309.15,308.9,2.25,1772
308.15,309.65,308.65,2.25,1773
308.65,308.9,308.4,2.25,1774
308.15,309.15,309.15,2.25,1775
308.4,309.4,309.15,2.25,1776
308.15,308.9,308.9,2.25,1777
308.65,308.65,308.9,2.25,1778
308.4,309.4,308.65,2.25,1779
308.65,308.9,308.4,2.25,1780
308.4,309.4,308.9,2.25,1781
308.65,309.4,308.65,2.25,1782
308.4,309.15,308.4,2.25,1783
308.65,309.15,308.4,2.25,1784
308.65,309.4,308.15,2.25,1785
308.15,309.15,308.4,2.25,1786
308.4,309.15,308.15,2.25,1787
308.4,309.4,308.15,2.25,1788
308.65,308.9,308.15,2.25,1789
308.15,308.9,308.4,2.25,1790
308.65,309.15,308.4,2.25,1791
308.65,309.15,308.65,2.25,1792
307.9,308.65,308.9,2.25,1793
308.15,309.4,308.65,2.25,1794
308.4,309.15,308.4,2.25,1795
308.15,309.15,308.4,2.25,1796
308.15,308.9,308.4,2.25,1797
307.9,309.15,307.65,2.25,1798
308.4,308.65,308.4,2.25,1799
308.4,308.9,308.65,2.25,1800
308.15,308.9,308.4,2.25,1801
307.9,308.9,308.15,2.25,1802
308.4,308.65,308.4,2.25,1803
308.4,308.9,308.65,2.25,1804
308.15,309.15,308.65,2.25,1805
308.4,308.9,308.4,2.25,1806
308.4,308.4,308.4,2.25,1807
308.15,309.15,308.65,2.25,1808
308.4,309.15,308.4,2.25,1809
308.4,308.65,308.4,2.25,1810
308.15,308.9,308.15,2.25,1811
308.4,308.65,308.4,2.25,1812
308.4,309.15,308.15,2.25,1813
307.9,308.9,308.4,2.25,1814
307.9,309.4,308.15,2.25,1815
307.65,308.9,308.15,2.25,1816
308.15,308.9,308.15,2.25,1817
307.9,308.4,308.4,2.25,1818
307.9,308.9,308.15,2.25,1819
307.9,308.9,308.4,2.25,1820
308.15,308.9,308.4,2.25,1821
308.15,308.65,307.9,2.25,1822
307.9,308.9,308.15,2.25,1823
308.15,308.4,308.15,2.25,1824
308.15,308.9,308.4,2.25,1825
307.65,308.9,308.4,2.25,1826
308.15,308.65,308.15,2.25,1827
308.15,308.65,308.4,2.25,1828
308.15,308.9,308.4,2.25,1829
307.9,309.15,308.15,2.25,1830
307.65,308.9,307.4,2.25,1831
308.15,308.65,308.4,2.25,1832
308.4,308.65,308.4,2.25,1833
308.15,308.9,308.15,2.25,1834
307.65,308.15,308.15,2.25,1835
308.15,309.15,308.15,2.25,1836
308.15,308.9,308.15,2.25,1837
307.9,308.4,307.9,2.25,1838
308.15,308.9,307.9,2.25,1839
308.15,308.65,307.9,2.25,1840
307.65,308.9,307.65,2.25,1841
307.9,308.15,307.9,2.25,1842
307.9,308.65,308.15,2.25,1843
307.4,308.4,307.9,2.25,1844
308.15,309.15,308.15,2.25,1845
308.15,308.9,307.65,2.25,1846
307.9,308.9,307.9,2.25,1847
307.65,308.65,308.15,2.25,1848
307.65,308.65,308.15,2.25,1849
307.4,308.9,307.9,2.25,1850
307.9,308.65,307.9,2.25,1851
307.9,308.15,307.9,2.25,1852
307.9,308.4,307.65,2.25,1853
308.15,308.9,307.9,2.25,1854
307.9,308.65,307.9,2.25,1855
308.15,308.65,307.9,2.25,1856
308.15,308.4,307.9,2.25,1857
307.65,308.4,307.9,2.25,1858
307.9,308.4,307.65,2.25,1859
307.9,308.4,307.65,2.25,1860
307.65,308.15,307.9,2.25,1861
308.15,308.4,307.9,2.25,1862
307.65,308.9,308.15,2.25,1863
307.65,308.15,307.9,2.25,1864
307.65,308.4,307.9,2.25,1865
307.65,308.4,307.65,2.25,1866
308.15,307.9,307.9,2.25,1867
307.9,308.9,307.9,2.25,1868
307.9,308.4,307.4,2.25,1869
307.65,308.15,307.9,2.25,1870
307.9,308.65,307.65,2.25,1871
306.9,308.4,307.65,2.25,1872
307.9,308.4,307.9,2.25,1873
307.9,308.65,307.4,2.25,1874
307.4,308.65,307.9,2.25,1875
307.4,308.65,307.65,2.25,1876
307.65,308.4,307.65,2.25,1877
307.9,308.4,307.9,2.25,1878
307.9,308.65,307.9,2.25,1879
306.9,308.4,307.65,2.25,1880
307.9,308.4,307.65,2.25,1881
307.4,307.9,307.65,2.25,1882
307.4,308.65,307.4,2.25,1883
307.9,308.4,307.9,2.25,1884
307.9,308.65,307.15,2.25,1885
307.65,308.15,307.65,2.25,1886
307.65,308.15,307.9,2.25,1887
307.65,308.4,307.65,2.25,1888
307.4,308.15,307.9,2.25,1889
307.9,308.15,307.65,2.25,1890
307.65,308.4,307.4,2.25,1891
307.65,308.15,307.65,2.25,1892
307.9,308.15,307.65,2.25,1893
307.15,308.15,307.4,2.25,1894
307.65,308.15,307.65,2.25,1895
307.4,308.65,307.65,2.25,1896
307.15,307.65,307.65,2.25,1897
307.65,308.4,307.65,2.25,1898
307.65,307.9,307.9,2.25,1899
307.15,308.15,307.65,2.25,1900
307.15,308.4,307.65,2.25,1901
307.65,307.9,307.65,2.25,1902
307.65,307.9,307.4,2.25,1903
307.4,307.65,307.9,2.25,1904
307.15,308.15,307.65,2.25,1905
306.9,307.9,307.4,2.25,1906
307.4,308.15,307.4,2.25,1907
307.15,308.15,307.4,2.25,1908
307.4,308.4,307.4,2.25,1909
306.9,307.9,307.65,2.25,1910
307.65,308.15,307.4,2.25,1911
306.9,308.15,307.4,2.25,1912
307.4,308.15,307.4,2.25,1913
307.4,307.9,307.15,2.25,1914
306.9,307.9,307.65,2.25,1915
307.15,308.15,307.4,2.25,1916
307.65,308.15,307.4,2.25,1917
306.9,307.9,307.4,2.25,1918
307.15,308.4,307.4,2.25,1919
307.4,308.15,307.4,2.25,1920
306.9,308.4,307.65,2.25,1921
307.4,307.9,307.65,2.25,1922
307.15,308.15,307.65,2.25,1923
307.65,307.9,307.4,2.25,1924
307.65,308.15,307.4,2.25,1925
307.15,308.15,307.65,2.25,1926
307.4,307.9,307.4,2.25,1927
306.9,307.4,307.4,2.25,1928
307.4,307.15,307.4,2.25,1929
307.65,307.65,307.4,2.25,1930
307.4,308.15,307.4,2.25,1931
306.9,307.9,306.9,2.25,1932
306.9,307.15,307.4,2.25,1933
306.9,307.9,307.65,2.25,1934
307.4,307.65,307.4,2.25,1935
307.4,307.65,307.15,2.25,1936
307.4,307.65,307.4,2.25,1937
307.4,307.9,307.4,2.25,1938
307.4,307.65,307.15,2.25,1939
306.9,307.65,307.65,2.25,1940
306.9,307.4,306.9,2.25,1941
307.4,307.4,307.65,2.25,1942
307.4,307.9,307.15,2.25,1943
307.15,307.65,307.65,2.25,1944
307.15,307.4,307.65,2.25,1945
306.65,308.15,307.4,2.25,1946
307.4,307.65,307.15,2.25,1947
306.9,307.9,307.65,2.25,1948
306.9,307.9,307.9,2.25,1949
307.15,307.4,307.4,2.25,1950
307.4,307.4,307.15,2.25,1951
307.4,307.65,307.65,2.25,1952
306.4,307.65,307.4,2.25,1953
307.15,307.15,307.4,2.25,1954
306.9,307.65,307.65,2.25,1955
307.15,307.15,307.4,2.25,1956
306.9,306.9,307.65,2.25,1957
306.65,307.15,307.4,2.25,1958
306.65,307.9,307.4,2.25,1959
307.4,306.9,307.4,2.25,1960
307.15,307.9,306.9,2.25,1961
306.9,307.4,307.4,2.25,1962
306.9,307.15,307.4,2.25,1963
306.9,307.4,307.4,2.25,1964
306.65,306.9,307.4,2.25,1965
306.9,307.65,307.4,2.25,1966
306.9,307.15,307.4,2.25,1967
306.65,307.15,307.15,2.25,1968
306.9,307.4,307.15,2.25,1969
306.65,306.9,307.4,2.25,1970
307.15,307.65,307.4,2.25,1971
306.9,307.15,307.4,2.25,1972
306.9,306.9,307.4,2.25,1973
306.65,307.15,306.65,2.25,1974
306.9,306.9,307.4,2.25,1975
306.9,307.4,307.15,2.25,1976
307.15,307.15,307.15,2.25,1977
306.65,307.15,307.15,2.25,1978
307.15,307.15,307.15,2.25,1979
307.15,306.9,307.15,2.25,1980
306.4,307.15,307.4,2.25,1981
306.65,307.15,307.15,2.25,1982
306.65,307.65,306.65,2.25,1983
306.9,307.15,307.15,2.25,1984
307.15,307.65,307.4,2.25,1985
306.9,307.15,307.15,2.25,1986
306.9,307.15,307.4,2.25,1987
306.4,307.15,307.4,2.25,1988
306.65,307.4,306.9,2.25,1989
306.65,307.15,307.15,2.25,1990
306.65,307.4,306.9,2.25,1991
306.9,306.9,307.15,2.25,1992
306.9,307.15,307.15,2.25,1993
306.65,306.9,307.15,2.25,1994
306.9,307.4,307.15,2.25,1995
306.9,307.15,307.4,2.25,1996
306.9,307.15,306.9,2.25,1997
306.4,307.15,306.9,2.25,1998
306.65,307.15,307.4,2.25,1999
305.9,307.4,306.9,2.25,2000
306.9,306.65,306.9,2.25,2001
306.65,306.65,307.15,2.25,2002
306.4,307.15,307.15,2.25,2003
306.65,306.65,306.65,2.25,2004
306.15,306.9,306.9,2.25,2005
306.65,306.9,306.9,2.25,2006
306.4,307.4,306.9,2.25,2007
306.4,307.15,307.4,2.25,2008
306.65,306.9,306.9,2.25,2009
306.4,306.9,307.15,2.25,2010
306.9,307.15,306.9,2.25,2011
306.9,306.4,307.4,2.25,2012
306.4,306.65,307.4,2.25,2013
306.65,307.4,306.9,2.25,2014
306.65,306.9,307.15,2.25,2015
306.4,306.9,306.9,2.25,2016
306.9,306.9,306.9,2.25,2017
306.65,306.9,306.65,2.25,2018
306.9,306.4,307.15,2.25,2019
306.4,306.65,306.9,2.25,2020
306.4,306.65,307.15,2.25,2021
306.65,306.9,306.9,2.25,2022
306.9,306.9,306.9,2.25,2023
306.65,306.15,306.65,2.25,2024
306.65,306.9,306.9,2.25,2025
306.4,306.65,306.9,2.25,2026
306.65,306.65,306.65,2.25,2027
306.4,306.9,306.9,2.25,2028
306.65,306.9,306.9,2.25,2029
306.4,306.9,306.9,2.25,2030
306.9,306.15,306.65,2.25,2031
306.4,307.4,307.15,2.25,2032
306.65,306.4,306.4,2.25,2033
306.15,306.4,306.9,2.25,2034
306.65,306.4,306.65,2.25,2035
306.65,306.9,306.9,2.25,2036
305.9,306.65,306.9,2.25,2037
306.65,306.65,307.15,2.25,2038
306.65,306.65,306.4,2.25,2039
306.15,307.15,306.9,2.25,2040
306.4,306.9,306.65,2.25,2041
306.65,306.9,306.65,2.25,2042
306.15,306.65,306.9,2.25,2043
306.4,306.65,307.15,2.25,2044
306.4,306.9,306.65,2.25,2045
306.65,307.15,306.65,2.25,2046
306.4,306.9,307.15,2.25,2047
306.65,306.65,306.9,2.25,2048
306.65,306.4,306.9,2.25,2049
306.65,306.9,306.65,2.25,2050
306.4,306.4,306.4,2.25,2051
306.65,306.4,306.65,2.25,2052
305.65,306.65,306.9,2.25,2053
306.4,306.65,307.15,2.25,2054
306.4,306.9,306.9,2.25,2055
306.4,306.4,306.65,2.25,2056
306.4,306.15,306.15,2.25,2057
306.65,306.65,306.9,2.25,2058
306.4,306.4,306.65,2.25,2059
306.15,306.15,306.4,2.25,2060
305.9,306.9,306.65,2.25,2061
306.65,306.4,306.15,2.25,2062
306.4,306.65,306.9,2.25,2063
306.4,306.65,306.65,2.25,2064
306.4,306.4,306.65,2.25,2065
306.4,305.9,306.15,2.25,2066
306.15,306.4,306.4,2.25,2067
306.4,306.15,306.15,2.25,2068
305.9,306.65,306.65,2.25,2069
306.4,306.65,305.9,2.25,2070
306.15,306.4,306.15,2.25,2071
305.9,306.65,306.4,2.25,2072
306.15,307.15,306.65,2.25,2073
306.4,306.65,306.65,2.25,2074
306.15,305.9,306.4,2.25,2075
305.4,306.65,306.65,2.25,2076
306.4,306.9,306.4,2.25,2077
305.9,305.9,306.4,2.25,2078
306.4,306.65,305.9,2.25,2079
306.4,306.15,306.9,2.25,2080
306.4,306.4,306.65,2.25,2081
306.4,306.4,306.4,2.25,2082
305.9,306.65,306.65,2.25,2083
306.4,306.4,306.4,2.25,2084
305.9,306.4,306.4,2.25,2085
305.9,306.15,306.65,2.25,2086
306.4,306.4,306.4,2.25,2087
306.4,306.4,306.65,2.25,2088
305.9,306.4,306.4,2.25,2089
306.15,306.15,306.4,2.25,2090
306.15,306.65,306.4,2.25,2091
305.9,306.4,306.65,2.25,2092
306.15,306.4,306.4,2.25,2093
306.4,305.9,306.4,2.25,2094
305.9,306.4,306.4,2.25,2095
305.9,306.4,306.65,2.25,2096
305.9,306.4,306.4,2.25,2097
306.15,306.4,306.4,2.25,2098
306.4,306.4,306.15,2.25,2099
306.4,306.4,306.15,2.25,2100
306.15,306.4,306.15,2.25,2101
306.15,305.9,306.4,2.25,2102
305.9,306.15,306.15,2.25,2103
306.4,306.65,306.4,2.25,2104
306.15,306.4,306.15,2.25,2105
306.4,306.65,306.4,2.25,2106
305.9,306.4,306.15,2.25,2107
306.15,306.15,306.65,2.25,2108
305.9,306.4,306.15,2.25,2109
306.15,306.15,306.4,2.25,2110
306.4,306.15,305.9,2.25,2111
305.4,306.15,306.15,2.25,2112
306.15,305.9,306.15,2.25,2113
306.15,305.65,305.9,2.25,2114
305.9,306.15,306.15,2.25,2115
306.15,306.15,305.9,2.25,2116
305.9,306.15,305.65,2.25,2117
306.15,306.15,305.9,2.25,2118
305.9,306.15,305.9,2.25,2119
306.15,306.15,306.4,2.25,2120
305.9,305.65,306.15,2.25,2121
306.15,305.65,305.9,2.25,2122
306.15,306.15,306.4,2.25,2123
305.65,306.4,306.15,2.25,2124
305.4,306.15,305.65,2.25,2125
306.15,306.15,306.15,2.25,2126
305.9,305.9,306.4,2.25,2127
306.15,306.15,306.15,2.25,2128
305.4,306.4,306.65,2.25,2129
305.15,305.9,306.65,2.25,2130
305.9,305.9,305.9,2.25,2131
306.15,306.15,306.15,2.25,2132
306.15,305.9,305.9,2.25,2133
306.15,306.15,306.15,2.25,2134
306.15,306.15,306.15,2.25,2135
305.9,306.4,305.65,2.25,2136
305.9,305.9,305.9,2.25,2137
306.15,306.15,305.9,2.25,2138
306.15,306.4,305.9,2.25,2139
305.4,306.15,306.15,2.25,2140
305.9,306.15,305.9,2.25,2141
305.65,305.65,305.9,2.25,2142
306.15,306.15,306.15,2.25,2143
305.65,306.15,305.9,2.25,2144
305.65,306.15,306.15,2.25,2145
305.65,306.4,306.15,2.25,2146
306.15,306.15,306.4,2.25,2147
305.9,305.9,305.65,2.25,2148
305.9,305.9,305.9,2.25,2149
306.15,306.15,305.9,2.25,2150
305.65,305.65,305.9,2.25,2151
305.4,306.15,306.15,2.25,2152
305.65,305.9,305.9,2.25,2153
305.9,305.4,306.15,2.25,2154
305.9,305.9,305.65,2.25,2155
306.15,306.15,305.9,2.25,2156
305.9,305.9,305.9,2.25,2157
305.65,305.15,305.65,2.25,2158
305.65,305.65,305.65,2.25,2159
305.9,305.65,305.9,2.25,2160
305.65,305.65,305.9,2.25,2161
305.65,305.65,305.9,2.25,2162
305.65,305.9,305.9,2.25,2163
305.9,305.65,305.9,2.25,2164
305.65,306.15,305.9,2.25,2165
305.65,305.9,305.9,2.25,2166
305.9,305.9,305.9,2.25,2167
305.4,306.15,306.15,2.25,2168
305.15,305.4,305.65,2.25,2169
305.65,305.9,305.9,2.25,2170
305.4,305.65,305.9,2.25,2171
305.4,305.4,305.9,2.25,2172
305.4,305.65,305.65,2.25,2173
305.9,305.65,305.65,2.25,2174
305.9,305.65,305.9,2.25,2175
305.9,305.4,306.15,2.25,2176
305.65,305.65,305.9,2.25,2177
305.9,305.4,305.9,2.25,2178
305.9,305.65,306.15,2.25,2179
305.9,305.65,305.9,2.25,2180
305.9,305.65,305.9,2.25,2181
305.9,305.4,305.4,2.25,2182
305.65,305.4,305.65,2.25,2183
305.9,305.65,305.65,2.25,2184
305.9,305.4,305.4,2.25,2185
305.4,305.9,306.15,2.25,2186
305.9,305.4,305.9,2.25,2187
305.4,305.65,305.9,2.25,2188
305.9,305.4,305.65,2.25,2189
305.15,305.65,305.9,2.25,2190
305.9,305.65,305.65,2.25,2191
305.9,305.9,305.9,2.25,2192
305.15,305.15,305.65,2.25,2193
305.4,305.15,305.65,2.25,2194
305.4,305.9,305.4,2.25,2195
305.9,305.65,305.65,2.25,2196
305.65,305.4,305.65,2.25,2197
305.9,305.65,305.15,2.25,2198
305.4,305.65,305.65,2.25,2199
305.4,305.65,305.15,2.25,2200
305.4,305.4,305.65,2.25,2201
305.65,305.65,305.15,2.25,2202
305.65,305.4,305.65,2.25,2203
305.65,305.65,305.9,2.25,2204
305.65,305.65,305.65,2.25,2205
305.4,305.65,305.65,2.25,2206
305.65,305.65,304.9,2.25,2207
305.65,305.9,305.4,2.25,2208
305.4,305.4,305.65,2.25,2209
305.65,305.15,305.9,2.25,2210
305.65,305.15,305.65,2.25,2211
304.9,305.15,305.65,2.25,2212
305.15,305.65,305.65,2.25,2213
305.4,305.65,305.65,2.25,2214
305.15,305.15,305.65,2.25,2215
305.65,305.65,305.15,2.25,2216
305.4,305.65,305.15,2.25,2217
305.65,305.65,305.4,2.25,2218
305.4,305.65,305.4,2.25,2219
304.9,305.4,305.9,2.25,2220
305.4,305.65,305.9,2.25,2221
305.65,305.15,305.65,2.25,2222
305.65,305.15,305.4,2.25,2223
305.4,305.15,305.15,2.25,2224
305.4,305.15,305.4,2.25,2225
305.15,305.15,305.65,2.25,2226
305.65,305.65,305.15,2.25,2227
305.15,305.4,305.65,2.25,2228
305.65,305.65,304.9,2.25,2229
304.9,305.15,305.15,2.25,2230
304.9,305.15,305.15,2.25,2231
305.65,305.15,305.4,2.25,2232
305.15,305.4,305.9,2.25,2233
305.65,305.15,305.15,2.25,2234
305.4,304.9,305.65,2.25,2235
305.4,305.4,305.9,2.25,2236
305.4,305.65,305.15,2.25,2237
305.4,305.4,305.4,2.25,2238
304.9,305.65,305.4,2.25,2239
305.4,304.9,305.4,2.25,2240
305.65,305.15,305.4,2.25,2241
304.9,305.4,305.15,2.25,2242
305.15,305.65,304.9,2.25,2243
305.65,305.15,305.4,2.25,2244
305.15,305.4,305.15,2.25,2245
305.15,305.65,305.15,2.25,2246
305.4,305.4,305.4,2.25,2247
304.65,305.4,305.15,2.25,2248
305.4,305.15,305.4,2.25,2249
304.9,305.15,304.9,2.25,2250
305.4,305.65,305.4,2.25,2251
305.4,305.4,305.4,2.25,2252
304.65,305.4,305.65,2.25,2253
304.65,305.4,305.4,2.25,2254
305.15,305.15,305.65,2.25,2255
305.4,305.4,305.4,2.25,2256
305.15,305.15,304.9,2.25,2257
305.15,304.9,305.15,2.25,2258
305.15,305.15,305.4,2.25,2259
304.9,304.65,305.4,2.25,2260
305.15,304.9,305.15,2.25,2261
305.15,305.4,305.15,2.25,2262
305.15,305.15,305.4,2.25,2263
304.9,304.9,305.15,2.25,2264
304.9,305.15,305.4,2.25,2265
305.15,305.15,305.4,2.25,2266
305.4,305.4,305.15,2.25,2267
304.9,305.4,305.15,2.25,2268
304.9,305.15,305.15,2.25,2269
304.65,305.15,305.15,2.25,2270
304.9,305.15,305.4,2.25,2271
304.65,304.9,305.15,2.25,2272
305.4,304.9,305.15,2.25,2273
304.9,305.15,305.15,2.25,2274
304.9,304.9,304.65,2.25,2275
305.4,304.9,305.15,2.25,2276
305.15,304.9,305.15,2.25,2277
305.15,305.15,305.15,2.25,2278
304.9,305.4,305.15,2.25,2279
305.15,305.15,305.65,2.25,2280
304.4,305.15,304.9,2.25,2281
305.15,305.4,305.65,2.25,2282
305.15,305.15,305.4,2.25,2283
304.9,305.15,305.15,2.25,2284
304.9,304.9,305.4,2.25,2285
304.9,305.4,305.15,2.25,2286
305.15,304.9,305.15,2.25,2287
304.65,305.4,305.4,2.25,2288
304.9,305.4,305.15,2.25,2289
305.15,304.65,305.4,2.25,2290
304.9,304.65,305.15,2.25,2291
304.9,304.9,305.15,2.25,2292
305.15,304.65,305.15,2.25,2293
305.15,304.4,304.9,2.25,2294
304.9,304.9,305.15,2.25,2295
304.9,304.4,304.65,2.25,2296
304.65,304.15,304.9,2.25,2297
305.15,305.4,305.15,2.25,2298
305.15,305.15,304.65,2.25,2299
305.15,305.15,305.15,2.25,2300
305.15,304.9,305.15,2.25,2301
304.65,305.15,305.15,2.25,2302
305.15,304.65,304.9,2.25,2303
305.15,304.9,305.15,2.25,2304
304.65,305.15,305.4,2.25,2305
304.9,304.9,305.15,2.25,2306
304.9,305.15,304.9,2.25,2307
304.9,305.15,305.4,2.25,2308
305.15,305.4,305.15,2.25,2309
304.15,305.15,305.4,2.25,2310
305.15,304.4,305.15,2.25,2311
304.65,304.4,304.65,2.25,2312
305.15,304.9,305.15,2.25,2313
305.15,305.15,304.9,2.25,2314
304.4,305.15,304.9,2.25,2315
304.9,304.9,304.9,2.25,2316
304.4,304.65,304.65,2.25,2317
305.15,304.9,305.15,2.25,2318
304.65,305.15,304.9,2.25,2319
304.9,305.15,304.65,2.25,2320
304.65,304.9,305.15,2.25,2321
304.9,304.9,304.9,2.25,2322
304.9,305.15,304.9,2.25,2323
304.9,304.9,304.9,2.25,2324
304.65,304.65,304.9,2.25,2325
304.9,304.9,304.9,2.25,2326
304.65,304.65,304.9,2.25,2327
304.65,304.9,304.9,2.25,2328
304.65,304.4,305.15,2.25,2329
304.9,304.9,304.9,2.25,2330
304.4,304.65,304.9,2.25,2331
304.4,304.65,304.9,2.25,2332
304.65,304.9,304.65,2.25,2333
305.15,304.9,304.9,2.25,2334
304.9,304.9,305.15,2.25,2335
304.65,304.65,304.9,2.25,2336
304.65,304.9,305.15,2.25,2337
304.65,305.15,305.15,2.25,2338
305.15,304.9,305.15,2.25,2339
304.65,304.9,305.15,2.25,2340
304.65,304.9,305.4,2.25,2341
304.9,304.9,304.4,2.25,2342
304.4,304.65,304.65,2.25,2343
304.9,304.65,304.65,2.25,2344
304.15,304.9,305.15,2.25,2345
304.65,304.4,304.15,2.25,2346
304.9,304.15,304.65,2.25,2347
304.9,304.65,305.15,2.25,2348
304.65,304.65,304.4,2.25,2349
304.4,304.65,304.9,2.25,2350
304.65,304.4,304.9,2.25,2351
304.9,304.9,305.4,2.25,2352
304.65,304.9,304.65,2.25,2353
304.4,304.65,304.9,2.25,2354
304.9,304.4,304.9,2.25,2355
304.65,304.65,304.9,2.25,2356
304.65,304.9,304.65,2.25,2357
304.65,304.4,304.4,2.25,2358
304.9,304.65,304.65,2.25,2359
304.15,304.15,304.9,2.25,2360
304.15,304.65,304.65,2.25,2361
304.65,304.9,304.9,2.25,2362
304.65,304.9,304.9,2.25,2363
304.65,304.9,304.65,2.25,2364
304.65,304.4,304.15,2.25,2365
304.65,304.65,304.65,2.25,2366
304.9,304.4,304.65,2.25,2367
304.9,304.4,304.65,2.25,2368
304.9,304.4,304.9,2.25,2369
304.9,304.65,304.65,2.25,2370
304.9,304.15,304.65,2.25,2371
304.65,303.9,304.65,2.25,2372
304.15,304.15,304.4,2.25,2373
304.65,304.15,304.65,2.25,2374
304.15,304.15,304.65,2.25,2375
304.65,304.4,304.4,2.25,2376
304.9,304.65,304.4,2.25,2377
304.9,304.4,304.65,2.25,2378
304.65,304.4,304.9,2.25,2379
304.4,304.15,304.65,2.25,2380
303.9,304.4,304.15,2.25,2381
304.4,304.65,304.9,2.25,2382
304.65,304.4,304.65,2.25,2383
304.4,304.4,304.4,2.25,2384
304.15,304.4,304.65,2.25,2385
304.65,303.9,304.4,2.25,2386
304.9,304.15,304.9,2.25,2387
304.65,304.65,304.4,2.25,2388
304.65,304.4,304.15,2.25,2389
304.65,304.4,304.65,2.25,2390
304.9,304.65,304.65,2.25,2391
304.15,304.15,304.65,2.25,2392
304.15,304.65,304.4,2.25,2393
304.65,304.65,304.4,2.25,2394
304.9,304.65,304.4,2.25,2395
304.65,304.65,303.9,2.25,2396
304.15,304.4,304.65,2.25,2397
303.9,303.9,304.4,2.25,2398
303.65,304.65,304.4,2.25,2399
304.4,304.15,304.4,2.25,2400
304.4,304.15,304.4,2.25,2401
304.4,304.15,304.65,2.25,2402
303.9,304.4,304.4,2.25,2403
303.65,304.65,304.65,2.25,2404
304.4,304.15,304.15,2.25,2405
304.15,304.65,304.65,2.25,2406
304.15,304.65,304.4,2.25,2407
304.4,304.4,304.4,2.25,2408
304.4,304.15,304.65,2.25,2409
304.4,304.4,304.65,2.25,2410
303.9,303.9,304.4,2.25,2411
303.9,304.15,303.65,2.25,2412
304.4,304.15,304.4,2.25,2413
303.65,303.9,304.4,2.25,2414
304.15,304.4,304.15,2.25,2415
304.4,303.9,304.4,2.25,2416
304.4,303.65,304.65,2.25,2417
304.15,304.15,304.4,2.25,2418
303.9,304.15,304.15,2.25,2419
303.9,304.65,304.4,2.25,2420
304.4,304.15,304.65,2.25,2421
304.65,304.15,304.65,2.25,2422
304.4,304.65,304.15,2.25,2423
304.4,303.9,304.4,2.25,2424
304.15,304.65,304.15,2.25,2425
303.9,304.9,304.65,2.25,2426
304.15,304.15,304.65,2.25,2427
304.15,304.4,304.4,2.25,2428
304.15,304.4,304.4,2.25,2429
304.4,304.4,304.65,2.25,2430
304.4,304.4,304.4,2.25,2431
304.65,304.4,304.4,2.25,2432
303.9,304.15,304.65,2.25,2433
304.65,303.9,304.4,2.25,2434
304.65,303.9,304.4,2.25,2435
303.9,303.65,304.15,2.25,2436
303.9,303.65,304.65,2.25,2437
304.4,304.4,304.4,2.25,2438
304.4,303.9,304.15,2.25,2439
304.15,303.9,304.15,2.25,2440
304.15,303.65,304.15,2.25,2441
303.9,304.4,304.4,2.25,2442
304.4,304.15,304.4,2.25,2443
304.15,304.4,303.9,2.25,2444
304.4,304.15,304.4,2.25,2445
303.9,304.4,304.65,2.25,2446
304.4,304.15,304.4,2.25,2447
304.4,304.4,303.9,2.25,2448
303.9,304.4,304.4,2.25,2449
304.15,304.15,304.4,2.25,2450
304.4,304.15,304.4,2.25,2451
303.9,304.15,304.4,2.25,2452
304.15,303.9,304.4,2.25,2453
303.9,304.4,303.9,2.25,2454
303.65,304.15,304.15,2.25,2455
303.65,304.4,304.15,2.25,2456
304.15,303.9,304.4,2.25,2457
304.4,304.4,303.9,2.25,2458
304.15,303.65,303.9,2.25,2459
303.9,303.9,304.4,2.25,2460
303.65,304.15,304.15,2.25,2461
304.15,304.15,303.9,2.25,2462
303.9,304.15,304.15,2.25,2463
303.9,304.15,304.15,2.25,2464
304.15,304.15,304.15,2.25,2465
304.15,303.9,303.9,2.25,2466
303.9,303.65,304.15,2.25,2467
303.65,303.9,304.4,2.25,2468
303.9,303.9,303.9,2.25,2469
303.9,303.9,304.15,2.25,2470
303.9,304.15,303.9,2.25,2471
303.9,303.9,304.4,2.25,2472
304.15,303.9,304.15,2.25,2473
304.15,304.15,304.4,2.25,2474
303.9,303.9,304.15,2.25,2475
303.9,303.4,303.65,2.25,2476
304.15,304.4,304.4,2.25,2477
304.15,303.65,303.65,2.25,2478
304.15,304.65,304.15,2.25,2479
303.9,303.9,304.15,2.25,2480
303.9,304.15,304.4,2.25,2481
303.4,304.15,304.15,2.25,2482
303.65,304.4,304.15,2.25,2483
304.15,304.4,304.15,2.25,2484
303.65,304.4,303.65,2.25,2485
303.9,303.4,303.9,2.25,2486
304.15,303.65,304.15,2.25,2487
304.15,304.15,303.65,2.25,2488
304.15,304.15,303.9,2.25,2489
303.9,304.15,303.9,2.25,2490
303.9,304.4,303.65,2.25,2491
303.4,304.15,303.9,2.25,2492
303.4,304.15,303.9,2.25,2493
303.65,303.9,303.65,2.25,2494
303.65,304.4,304.15,2.25,2495
303.9,304.15,303.9,2.25,2496
303.9,304.15,303.9,2.25,2497
303.65,304.4,303.9,2.25,2498
304.15,304.15,303.9,2.25,2499
304.15,304.15,303.65,2.25,2500
303.9,304.15,303.9,2.25,2501
303.9,303.65,304.15,2.25,2502
303.65,304.4,303.65,2.25,2503
303.65,303.9,303.9,2.25,2504
303.4,304.4,303.4,2.25,2505
303.4,303.9,303.9,2.25,2506
303.9,304.15,303.9,2.25,2507
303.4,304.4,303.9,2.25,2508
303.9,303.4,303.65,2.25,2509
304.15,303.9,303.9,2.25,2510
303.9,303.4,303.9,2.25,2511
303.15,303.65,303.65,2.25,2512
303.15,303.9,303.4,2.25,2513
303.9,303.65,303.65,2.25,2514
304.15,303.4,303.9,2.25,2515
303.65,304.15,303.15,2.25,2516
303.65,304.4,303.4,2.25,2517
303.4,304.15,303.9,2.25,2518
303.65,303.9,303.65,2.25,2519
303.65,304.15,303.9,2.25,2520
303.9,304.15,304.15,2.25,2521
303.65,304.15,303.9,2.25,2522
303.15,303.9,303.65,2.25,2523
303.9,303.65,304.15,2.25,2524
303.9,303.9,303.9,2.25,2525
303.65,303.9,303.65,2.25,2526
303.9,303.9,304.15,2.25,2527
303.4,304.15,303.9,2.25,2528
303.15,303.4,304.15,2.25,2529
303.65,303.65,303.9,2.25,2530
303.4,303.65,303.9,2.25,2531
303.65,303.9,303.4,2.25,2532
303.65,303.65,303.4,2.25,2533
303.9,304.15,303.9,2.25,2534
303.65,303.9,303.65,2.25,2535
303.65,303.4,303.4,2.25,2536
303.15,303.9,303.65,2.25,2537
303.65,304.15,303.15,2.25,2538
303.9,304.15,303.65,2.25,2539
303.15,304.15,303.15,2.25,2540
303.9,303.9,303.65,2.25,2541
303.9,303.9,303.9,2.25,2542
303.4,304.15,303.9,2.25,2543
303.65,304.15,303.9,2.25,2544
303.4,303.9,303.9,2.25,2545
303.15,304.15,303.65,2.25,2546
303.4,304.15,303.65,2.25,2547
303.65,303.65,303.9,2.25,2548
303.65,303.65,303.9,2.25,2549
303.9,303.15,303.9,2.25,2550
303.4,304.15,303.9,2.25,2551
303.4,303.65,303.4,2.25,2552
303.65,303.4,303.15,2.25,2553
303.9,303.4,303.4,2.25,2554
303.65,303.9,303.9,2.25,2555
303.4,303.65,303.65,2.25,2556
303.4,303.65,303.9,2.25,2557
303.9,303.9,303.65,2.25,2558
303.65,303.9,303.9,2.25,2559
303.4,303.9,303.9,2.25,2560
303.9,303.9,303.65,2.25,2561
303.4,303.9,303.9,2.25,2562
303.15,303.65,303.9,2.25,2563
303.4,304.15,303.9,2.25,2564
303.4,303.65,303.9,2.25,2565
303.4,304.15,303.65,2.25,2566
303.4,303.9,303.9,2.25,2567
303.4,303.9,304.15,2.25,2568
303.4,303.15,304.15,2.25,2569
303.65,304.15,303.65,2.25,2570
303.65,304.15,303.9,2.25,2571
303.65,303.4,303.9,2.25,2572
303.65,303.9,303.9,2.25,2573
303.15,303.9,303.15,2.25,2574
303.9,303.9,303.65,2.25,2575
303.4,303.65,303.65,2.25,2576
303.65,303.65,303.65,2.25,2577
303.65,303.65,303.4,2.25,2578
303.65,303.65,303.65,2.25,2579
303.4,303.9,303.65,2.25,2580
303.4,303.65,303.65,2.25,2581
303.4,303.15,303.4,2.25,2582
303.4,303.9,303.65,2.25,2583
303.65,303.4,303.4,2.25,2584
303.65,303.65,303.65,2.25,2585
303.15,303.65,303.65,2.25,2586
303.15,304.15,303.65,2.25,2587
303.4,303.65,303.9,2.25,2588
303.15,303.9,303.65,2.25,2589
303.15,303.65,303.65,2.25,2590
303.15,303.15,303.65,2.25,2591
302.9,303.15,303.65,2.25,2592
303.15,303.65,303.4,2.25,2593
302.9,303.65,303.65,2.25,2594
303.4,303.65,303.4,2.25,2595
303.65,303.9,303.4,2.25,2596
303.15,303.65,303.4,2.25,2597
303.4,303.4,303.4,2.25,2598
303.15,303.9,303.15,2.25,2599
303.4,303.4,303.65,2.25,2600
303.4,303.9,303.15,2.25,2601
303.15,303.65,303.9,2.25,2602
303.15,303.65,303.15,2.25,2603
303.4,303.15,303.4,2.25,2604
303.15,303.15,303.4,2.25,2605
302.9,303.65,303.4,2.25,2606
303.15,303.65,303.4,2.25,2607
303.4,303.65,303.15,2.25,2608
302.9,303.4,303.65,2.25,2609
303.4,303.65,303.65,2.25,2610
303.15,303.15,303.65,2.25,2611
303.15,303.65,303.65,2.25,2612
303.15,302.9,303.4,2.25,2613
303.4,303.4,303.15,2.25,2614
302.9,303.4,303.4,2.25,2615
303.15,303.65,303.65,2.25,2616
303.4,303.4,302.9,2.25,2617
302.9,303.4,303.65,2.25,2618
303.15,303.4,303.4,2.25,2619
303.15,303.9,302.9,2.25,2620
303.4,303.65,303.4,2.25,2621
303.4,303.4,303.15,2.25,2622
303.15,303.65,303.65,2.25,2623
302.9,303.15,303.15,2.25,2624
303.15,303.4,303.15,2.25,2625
303.65,303.4,303.15,2.25,2626
303.15,303.65,303.4,2.25,2627
303.15,303.4,303.4,2.25,2628
303.15,303.9,303.15,2.25,2629
303.15,303.65,303.15,2.25,2630
303.15,303.65,302.4,2.25,2631
303.4,303.65,303.4,2.25,2632
303.15,303.4,302.9,2.25,2633
302.65,303.4,303.4,2.25,2634
302.65,302.9,303.4,2.25,2635
303.15,303.65,303.15,2.25,2636
303.15,303.65,303.4,2.25,2637
303.65,302.9,303.15,2.25,2638
303.15,302.9,303.15,2.25,2639
303.15,303.4,303.4,2.25,2640
303.15,303.65,302.9,2.25,2641
302.65,302.9,303.4,2.25,2642
302.9,303.65,303.65,2.25,2643
302.65,303.15,303.4,2.25,2644
303.15,303.15,303.4,2.25,2645
303.4,303.4,303.4,2.25,2646
303.15,303.15,303.4,2.25,2647
303.15,303.4,302.9,2.25,2648
303.15,303.4,303.4,2.25,2649
303.15,303.15,303.15,2.25,2650
303.15,303.4,303.4,2.25,2651
302.9,303.4,303.4,2.25,2652
303.15,303.15,302.9,2.25,2653
303.15,302.9,303.15,2.25,2654
303.15,302.9,303.4,2.25,2655
302.4,303.4,303.4,2.25,2656
303.15,302.9,303.4,2.25,2657
303.4,303.4,303.4,2.25,2658
302.65,303.15,303.15,2.25,2659
302.4,303.4,303.4,2.25,2660
302.9,303.4,303.4,2.25,2661
303.15,303.65,303.15,2.25,2662
303.15,303.4,302.9,2.25,2663
302.65,303.4,303.15,2.25,2664
303.15,302.65,302.65,2.25,2665
302.9,303.4,303.4,2.25,2666
